,abyFasta,cdrClass,CdrLength,abyRes_exposed,prevRes_exposed,afterRes_exposed,Res71_exposed,abyRes_Pk,prevRes_Pk,afterRes_Pk,Res71_Pk,abyRes_turn,prevRes_turn,afterRes_turn,Res71_turn,abyRes_vol,prevRes_vol,afterRes_vol,Res71_vol,abyRes_polar,prevRes_polar,afterRes_polar,Res71_polar,abyRes_kyte,prevRes_kyte,afterRes_kyte,Res71_kyte,abyChothia_52,abyChothia_53,abyChothia_54,abyChothia_-,abyChothia_52A,abyRes_ALA,abyRes_ARG,abyRes_ASN,abyRes_ASP,abyRes_GLN,abyRes_GLU,abyRes_GLY,abyRes_HIS,abyRes_ILE,abyRes_LEU,abyRes_LYS,abyRes_MET,abyRes_PHE,abyRes_PRO,abyRes_SER,abyRes_THR,abyRes_TRP,abyRes_TYR,abyRes_VAL,prevRes_ALA,prevRes_ARG,prevRes_ASN,prevRes_ASP,prevRes_GLN,prevRes_GLU,prevRes_GLY,prevRes_HIS,prevRes_ILE,prevRes_LEU,prevRes_LYS,prevRes_MET,prevRes_PHE,prevRes_PRO,prevRes_SER,prevRes_THR,prevRes_TRP,prevRes_TYR,prevRes_VAL,afterRes_ALA,afterRes_ARG,afterRes_ASN,afterRes_ASP,afterRes_GLN,afterRes_GLU,afterRes_GLY,afterRes_HIS,afterRes_ILE,afterRes_LEU,afterRes_LYS,afterRes_MET,afterRes_PHE,afterRes_PRO,afterRes_SER,afterRes_THR,afterRes_TRP,afterRes_TYR,Res71_ALA,Res71_ARG,Res71_ASP,Res71_GLU,Res71_ILE,Res71_LYS,Res71_MET,Res71_SER,Res71_THR,Res71_VAL,abyRes_hydro_Hydrophilic,abyRes_hydro_Hydrophobic,abyRes_hydro_Neutral,prevRes_hydro_Hydrophilic,prevRes_hydro_Hydrophobic,prevRes_hydro_Neutral,afterRes_hydro_Hydrophilic,afterRes_hydro_Hydrophobic,afterRes_hydro_Neutral,Res71_hydro_Hydrophilic,Res71_hydro_Hydrophobic,Res71_hydro_Neutral,binding_YES
44,52,2,3,17,13,32,85,0.0,0.0,0.0,10.53,0.96,0.47,1.43,1.01,237.6,168.8,99.1,171.3,5.4,5.2,9.2,11.3,-0.9,4.5,-0.8,-3.9,1,0,0,0,0,0,0,0,0,0,0,0,0,0,0,0,0,0,0,0,0,1,0,0,0,0,0,0,0,0,0,0,1,0,0,0,0,0,0,0,0,0,0,0,0,0,0,0,0,0,0,0,0,0,0,0,0,1,0,0,0,0,0,0,0,0,1,0,0,0,0,0,1,0,0,1,0,1,0,0,1,0,0,1
69,53,3,4,13,13,45,15,0.0,0.0,0.0,0.0,0.47,0.47,1.52,0.66,168.8,168.8,129.3,91.5,5.2,5.2,8.0,8.1,4.5,4.5,-1.6,1.8,1,0,0,0,0,0,0,0,0,0,0,0,0,1,0,0,0,0,0,0,0,0,0,0,0,0,0,0,0,0,0,0,1,0,0,0,0,0,0,0,0,0,0,0,0,0,0,0,0,0,0,0,0,0,0,0,1,0,0,0,0,1,0,0,0,0,0,0,0,0,0,0,1,0,0,1,0,1,0,0,0,0,1,0
70,54,3,4,45,13,13,15,0.0,0.0,0.0,0.0,1.52,0.47,0.47,0.66,129.3,168.8,168.8,91.5,8.0,5.2,5.2,8.1,-1.6,4.5,4.5,1.8,0,0,0,0,1,0,0,0,0,0,0,0,0,0,0,0,0,0,1,0,0,0,0,0,0,0,0,0,0,0,0,0,1,0,0,0,0,0,0,0,0,0,0,0,0,0,0,0,0,0,0,1,0,0,0,0,0,0,0,0,0,1,0,0,0,0,0,0,0,0,0,1,0,0,0,1,0,0,1,0,0,0,1,0
71,55,3,4,13,45,13,15,0.0,0.0,0.0,0.0,0.47,1.52,0.47,0.66,168.8,129.3,168.8,91.5,5.2,8.0,5.2,8.1,4.5,-1.6,4.5,1.8,0,1,0,0,0,0,0,0,0,0,0,0,0,1,0,0,0,0,0,0,0,0,0,0,0,0,0,0,0,0,0,0,0,0,0,0,0,1,0,0,0,0,0,0,0,0,0,0,0,0,0,1,0,0,0,0,0,0,0,0,0,1,0,0,0,0,0,0,0,0,0,0,1,0,1,0,0,0,1,0,0,0,1,1
72,55,3,4,13,13,10,15,0.0,0.0,0.0,0.0,0.47,0.47,0.6,0.66,168.8,168.8,203.4,91.5,5.2,5.2,5.2,8.1,4.5,4.5,2.8,1.8,0,1,0,0,0,0,0,0,0,0,0,0,0,1,0,0,0,0,0,0,0,0,0,0,0,0,0,0,0,0,0,0,1,0,0,0,0,0,0,0,0,0,0,0,0,0,0,0,0,0,0,0,0,0,0,1,0,0,0,0,0,1,0,0,0,0,0,0,0,0,0,0,1,0,0,1,0,0,1,0,0,0,1,1
73,56,3,4,10,13,10,15,0.0,0.0,0.0,0.0,0.6,0.47,0.6,0.66,203.4,168.8,203.4,91.5,5.2,5.2,5.2,8.1,2.8,4.5,2.8,1.8,0,0,1,0,0,0,0,0,0,0,0,0,0,0,0,0,0,1,0,0,0,0,0,0,0,0,0,0,0,0,0,0,1,0,0,0,0,0,0,0,0,0,0,0,0,0,0,0,0,0,0,0,0,0,0,1,0,0,0,0,0,1,0,0,0,0,0,0,0,0,0,0,1,0,0,1,0,0,1,0,0,0,1,1
78,56,3,4,10,10,10,15,0.0,0.0,0.0,0.0,0.6,0.6,1.56,0.66,203.4,203.4,66.4,91.5,5.2,5.2,9.0,8.1,2.8,2.8,-0.4,1.8,0,0,1,0,0,0,0,0,0,0,0,0,0,0,0,0,0,1,0,0,0,0,0,0,0,0,0,0,0,0,0,0,0,0,0,0,1,0,0,0,0,0,0,0,0,0,0,0,0,1,0,0,0,0,0,0,0,0,0,0,0,1,0,0,0,0,0,0,0,0,0,0,1,0,0,1,0,1,0,0,0,0,1,1
91,52,0,4,32,13,32,32,0.0,0.0,0.0,0.0,0.96,0.47,0.96,0.96,122.1,168.8,122.1,122.1,8.6,5.2,8.6,8.6,-0.7,4.5,-0.7,-0.7,1,0,0,0,0,0,0,0,0,0,0,0,0,0,0,0,0,0,0,0,1,0,0,0,0,0,0,0,0,0,0,0,1,0,0,0,0,0,0,0,0,0,0,0,0,0,0,0,0,0,0,0,0,0,0,0,0,0,1,0,0,0,0,0,0,0,0,0,0,1,0,1,0,0,0,1,0,1,0,0,1,0,0,1
92,52,0,4,32,32,45,32,0.0,0.0,0.0,0.0,0.96,0.96,1.52,0.96,122.1,122.1,129.3,122.1,8.6,8.6,8.0,8.6,-0.7,-0.7,-1.6,-0.7,1,0,0,0,0,0,0,0,0,0,0,0,0,0,0,0,0,0,0,0,1,0,0,0,0,0,0,0,0,0,0,0,0,0,0,0,0,0,0,1,0,0,0,0,0,0,0,0,0,0,0,0,0,0,0,0,1,0,0,0,0,0,0,0,0,0,0,0,0,1,0,1,0,0,1,0,0,1,0,0,1,0,0,1
93,53,0,4,45,32,13,32,0.0,0.0,0.0,0.0,1.52,0.96,0.47,0.96,129.3,122.1,168.8,122.1,8.0,8.6,5.2,8.6,-1.6,-0.7,4.5,-0.7,0,0,0,0,1,0,0,0,0,0,0,0,0,0,0,0,0,0,1,0,0,0,0,0,0,0,0,0,0,0,0,0,0,0,0,0,0,0,0,1,0,0,0,0,0,0,0,0,0,0,0,1,0,0,0,0,0,0,0,0,0,0,0,0,0,0,0,0,0,1,0,1,0,0,1,0,0,0,1,0,1,0,0,0
94,54,0,4,13,45,16,32,0.0,0.0,0.0,0.0,0.47,1.52,0.59,0.96,168.8,129.3,167.9,122.1,5.2,8.0,4.9,8.6,4.5,-1.6,3.8,-0.7,0,1,0,0,0,0,0,0,0,0,0,0,0,1,0,0,0,0,0,0,0,0,0,0,0,0,0,0,0,0,0,0,0,0,0,0,0,1,0,0,0,0,0,0,0,0,0,0,0,0,0,0,1,0,0,0,0,0,0,0,0,0,0,0,0,0,0,0,0,1,0,0,1,0,1,0,0,0,1,0,1,0,0,1
95,55,0,4,16,13,16,32,0.0,0.0,0.0,0.0,0.59,0.47,0.59,0.96,167.9,168.8,167.9,122.1,4.9,5.2,4.9,8.6,3.8,4.5,3.8,-0.7,0,0,1,0,0,0,0,0,0,0,0,0,0,0,1,0,0,0,0,0,0,0,0,0,0,0,0,0,0,0,0,0,1,0,0,0,0,0,0,0,0,0,0,0,0,0,0,0,0,0,0,0,1,0,0,0,0,0,0,0,0,0,0,0,0,0,0,0,0,1,0,0,1,0,0,1,0,0,1,0,1,0,0,1
96,55,0,4,16,16,16,32,0.0,0.0,0.0,0.0,0.59,0.59,0.59,0.96,167.9,167.9,167.9,122.1,4.9,4.9,4.9,8.6,3.8,3.8,3.8,-0.7,0,0,1,0,0,0,0,0,0,0,0,0,0,0,1,0,0,0,0,0,0,0,0,0,0,0,0,0,0,0,0,0,0,1,0,0,0,0,0,0,0,0,0,0,0,0,0,0,0,0,0,0,1,0,0,0,0,0,0,0,0,0,0,0,0,0,0,0,0,1,0,0,1,0,0,1,0,0,1,0,1,0,0,1
97,55,0,4,16,16,10,32,0.0,0.0,0.0,0.0,0.59,0.59,1.56,0.96,167.9,167.9,66.4,122.1,4.9,4.9,9.0,8.6,3.8,3.8,-0.4,-0.7,0,0,1,0,0,0,0,0,0,0,0,0,0,0,1,0,0,0,0,0,0,0,0,0,0,0,0,0,0,0,0,0,0,1,0,0,0,0,0,0,0,0,0,0,0,0,0,0,0,1,0,0,0,0,0,0,0,0,0,0,0,0,0,0,0,0,0,0,0,1,0,0,1,0,0,1,0,1,0,0,1,0,0,1
151,52,3,4,49,13,45,15,0.0,0.0,0.0,0.0,1.56,0.47,1.52,0.66,135.2,168.8,129.3,91.5,11.6,5.2,8.0,8.1,-3.5,4.5,-1.6,1.8,1,0,0,0,0,0,0,1,0,0,0,0,0,0,0,0,0,0,0,0,0,0,0,0,0,0,0,0,0,0,0,0,1,0,0,0,0,0,0,0,0,0,0,0,0,0,0,0,0,0,0,0,0,0,0,0,1,0,0,0,0,1,0,0,0,0,0,0,0,0,0,1,0,0,0,1,0,1,0,0,0,0,1,1
152,53,3,4,45,49,41,15,0.0,0.0,10.07,0.0,1.52,1.56,1.14,0.66,129.3,135.2,203.6,91.5,8.0,11.6,6.2,8.1,-1.6,-3.5,-1.3,1.8,0,0,0,0,1,0,0,0,0,0,0,0,0,0,0,0,0,0,1,0,0,0,0,0,0,0,1,0,0,0,0,0,0,0,0,0,0,0,0,0,0,0,0,0,0,0,0,0,0,0,0,0,0,0,0,0,0,0,0,0,1,1,0,0,0,0,0,0,0,0,0,1,0,0,1,0,0,0,0,1,0,0,1,0
164,55,3,4,10,10,49,15,0.0,0.0,0.0,0.0,0.6,0.6,1.56,0.66,203.4,203.4,135.2,91.5,5.2,5.2,11.6,8.1,2.8,2.8,-3.5,1.8,0,0,1,0,0,0,0,0,0,0,0,0,0,0,0,0,0,1,0,0,0,0,0,0,0,0,0,0,0,0,0,0,0,0,0,0,1,0,0,0,0,0,0,0,0,1,0,0,0,0,0,0,0,0,0,0,0,0,0,0,0,1,0,0,0,0,0,0,0,0,0,0,1,0,0,1,0,1,0,0,0,0,1,1
166,52,4,4,32,32,67,67,0.0,0.0,12.48,12.48,1.43,1.43,0.95,0.95,99.1,99.1,202.0,202.0,9.2,9.2,10.5,10.5,-0.8,-0.8,-4.5,-4.5,1,0,0,0,0,0,0,0,0,0,0,0,0,0,0,0,0,0,0,1,0,0,0,0,0,0,0,0,0,0,0,0,0,0,0,0,0,0,1,0,0,0,0,0,1,0,0,0,0,0,0,0,0,0,0,0,0,0,0,0,0,0,1,0,0,0,0,0,0,0,0,1,0,0,1,0,0,1,0,0,1,0,0,1
173,53,4,4,67,67,32,67,12.48,12.48,0.0,12.48,0.95,0.95,0.96,0.95,202.0,202.0,122.1,202.0,10.5,10.5,8.6,10.5,-4.5,-4.5,-0.7,-4.5,0,0,0,0,1,0,1,0,0,0,0,0,0,0,0,0,0,0,0,0,0,0,0,0,0,1,0,0,0,0,0,0,0,0,0,0,0,0,0,0,0,0,0,0,0,0,0,0,0,0,0,0,0,0,0,0,0,0,1,0,0,0,1,0,0,0,0,0,0,0,0,1,0,0,1,0,0,1,0,0,1,0,0,1
174,54,4,4,32,67,32,67,0.0,12.48,0.0,12.48,0.96,0.95,0.96,0.95,122.1,202.0,122.1,202.0,8.6,10.5,8.6,10.5,-0.7,-4.5,-0.7,-4.5,0,1,0,0,0,0,0,0,0,0,0,0,0,0,0,0,0,0,0,0,1,0,0,0,0,1,0,0,0,0,0,0,0,0,0,0,0,0,0,0,0,0,0,0,0,0,0,0,0,0,0,0,0,0,0,0,0,0,1,0,0,0,1,0,0,0,0,0,0,0,0,1,0,0,1,0,0,1,0,0,1,0,0,1
175,54,4,4,32,32,32,67,0.0,0.0,0.0,12.48,0.96,0.96,0.96,0.95,122.1,122.1,122.1,202.0,8.6,8.6,8.6,10.5,-0.7,-0.7,-0.7,-4.5,0,1,0,0,0,0,0,0,0,0,0,0,0,0,0,0,0,0,0,0,1,0,0,0,0,0,0,0,0,0,0,0,0,0,0,0,0,0,0,1,0,0,0,0,0,0,0,0,0,0,0,0,0,0,0,0,0,0,1,0,0,0,1,0,0,0,0,0,0,0,0,1,0,0,1,0,0,1,0,0,1,0,0,1
176,54,4,4,32,32,32,67,0.0,0.0,0.0,12.48,0.96,0.96,1.43,0.95,122.1,122.1,99.1,202.0,8.6,8.6,9.2,10.5,-0.7,-0.7,-0.8,-4.5,0,1,0,0,0,0,0,0,0,0,0,0,0,0,0,0,0,0,0,0,1,0,0,0,0,0,0,0,0,0,0,0,0,0,0,0,0,0,0,1,0,0,0,0,0,0,0,0,0,0,0,0,0,0,0,0,0,1,0,0,0,0,1,0,0,0,0,0,0,0,0,1,0,0,1,0,0,1,0,0,1,0,0,1
177,55,4,4,32,32,85,67,0.0,0.0,10.53,12.48,1.43,0.96,1.01,0.95,99.1,122.1,171.3,202.0,9.2,8.6,11.3,10.5,-0.8,-0.7,-3.9,-4.5,0,0,1,0,0,0,0,0,0,0,0,0,0,0,0,0,0,0,0,1,0,0,0,0,0,0,0,0,0,0,0,0,0,0,0,0,0,0,0,1,0,0,0,0,0,0,0,0,0,0,0,0,0,1,0,0,0,0,0,0,0,0,1,0,0,0,0,0,0,0,0,1,0,0,1,0,0,1,0,0,1,0,0,0
178,50,0,4,20,13,20,32,0.0,0.0,0.0,0.0,0.6,0.47,0.6,0.96,170.8,168.8,170.8,122.1,5.7,5.2,5.7,8.6,1.9,4.5,1.9,-0.7,1,0,0,0,0,0,0,0,0,0,0,0,0,0,0,0,1,0,0,0,0,0,0,0,0,0,0,0,0,0,0,0,1,0,0,0,0,0,0,0,0,0,0,0,0,0,0,0,0,0,0,0,0,0,1,0,0,0,0,0,0,0,0,0,0,0,0,0,0,1,0,0,1,0,0,1,0,0,1,0,1,0,0,1
179,50,0,4,20,20,45,32,0.0,0.0,0.0,0.0,0.6,0.6,1.52,0.96,170.8,170.8,129.3,122.1,5.7,5.7,8.0,8.6,1.9,1.9,-1.6,-0.7,1,0,0,0,0,0,0,0,0,0,0,0,0,0,0,0,1,0,0,0,0,0,0,0,0,0,0,0,0,0,0,0,0,0,0,1,0,0,0,0,0,0,0,0,0,0,0,0,0,0,0,0,0,0,0,0,1,0,0,0,0,0,0,0,0,0,0,0,0,1,0,0,1,0,0,1,0,1,0,0,1,0,0,1
180,51,0,4,45,20,13,32,0.0,0.0,0.0,0.0,1.52,0.6,0.47,0.96,129.3,170.8,168.8,122.1,8.0,5.7,5.2,8.6,-1.6,1.9,4.5,-0.7,0,0,0,0,1,0,0,0,0,0,0,0,0,0,0,0,0,0,1,0,0,0,0,0,0,0,0,0,0,0,0,0,0,0,0,1,0,0,0,0,0,0,0,0,0,0,0,0,0,0,0,1,0,0,0,0,0,0,0,0,0,0,0,0,0,0,0,0,0,1,0,1,0,0,0,1,0,0,1,0,1,0,0,0
181,52,0,4,13,45,13,32,0.0,0.0,0.0,0.0,0.47,1.52,0.47,0.96,168.8,129.3,168.8,122.1,5.2,8.0,5.2,8.6,4.5,-1.6,4.5,-0.7,0,1,0,0,0,0,0,0,0,0,0,0,0,1,0,0,0,0,0,0,0,0,0,0,0,0,0,0,0,0,0,0,0,0,0,0,0,1,0,0,0,0,0,0,0,0,0,0,0,0,0,1,0,0,0,0,0,0,0,0,0,0,0,0,0,0,0,0,0,1,0,0,1,0,1,0,0,0,1,0,1,0,0,1
184,52,0,4,13,13,10,32,0.0,0.0,0.0,0.0,0.47,0.47,0.6,0.96,168.8,168.8,203.4,122.1,5.2,5.2,5.2,8.6,4.5,4.5,2.8,-0.7,0,1,0,0,0,0,0,0,0,0,0,0,0,1,0,0,0,0,0,0,0,0,0,0,0,0,0,0,0,0,0,0,1,0,0,0,0,0,0,0,0,0,0,0,0,0,0,0,0,0,0,0,0,0,0,1,0,0,0,0,0,0,0,0,0,0,0,0,0,1,0,0,1,0,0,1,0,0,1,0,1,0,0,1
185,53,0,4,10,13,10,32,0.0,0.0,0.0,0.0,0.6,0.47,0.6,0.96,203.4,168.8,203.4,122.1,5.2,5.2,5.2,8.6,2.8,4.5,2.8,-0.7,0,0,1,0,0,0,0,0,0,0,0,0,0,0,0,0,0,1,0,0,0,0,0,0,0,0,0,0,0,0,0,0,1,0,0,0,0,0,0,0,0,0,0,0,0,0,0,0,0,0,0,0,0,0,0,1,0,0,0,0,0,0,0,0,0,0,0,0,0,1,0,0,1,0,0,1,0,0,1,0,1,0,0,1
189,53,0,4,10,10,50,32,0.0,0.0,3.86,0.0,0.6,0.6,1.46,0.96,203.4,203.4,124.5,122.1,5.2,5.2,13.0,8.6,2.8,2.8,-3.5,-0.7,0,0,1,0,0,0,0,0,0,0,0,0,0,0,0,0,0,1,0,0,0,0,0,0,0,0,0,0,0,0,0,0,0,0,0,0,1,0,0,0,0,0,0,0,0,0,1,0,0,0,0,0,0,0,0,0,0,0,0,0,0,0,0,0,0,0,0,0,0,1,0,0,1,0,0,1,0,1,0,0,1,0,0,1
190,52,3,4,49,13,45,15,0.0,0.0,0.0,0.0,1.56,0.47,1.52,0.66,135.2,168.8,129.3,91.5,11.6,5.2,8.0,8.1,-3.5,4.5,-1.6,1.8,1,0,0,0,0,0,0,1,0,0,0,0,0,0,0,0,0,0,0,0,0,0,0,0,0,0,0,0,0,0,0,0,1,0,0,0,0,0,0,0,0,0,0,0,0,0,0,0,0,0,0,0,0,0,0,0,1,0,0,0,0,1,0,0,0,0,0,0,0,0,0,1,0,0,0,1,0,1,0,0,0,0,1,0
191,53,3,4,45,49,13,15,0.0,0.0,0.0,0.0,1.52,1.56,0.47,0.66,129.3,135.2,168.8,91.5,8.0,11.6,5.2,8.1,-1.6,-3.5,4.5,1.8,0,0,0,0,1,0,0,0,0,0,0,0,0,0,0,0,0,0,1,0,0,0,0,0,0,0,1,0,0,0,0,0,0,0,0,0,0,0,0,0,0,0,0,0,0,0,0,0,0,0,0,1,0,0,0,0,0,0,0,0,0,1,0,0,0,0,0,0,0,0,0,1,0,0,1,0,0,0,1,0,0,0,1,0
192,54,3,4,13,45,16,15,0.0,0.0,0.0,0.0,0.47,1.52,0.59,0.66,168.8,129.3,167.9,91.5,5.2,8.0,4.9,8.1,4.5,-1.6,3.8,1.8,0,1,0,0,0,0,0,0,0,0,0,0,0,1,0,0,0,0,0,0,0,0,0,0,0,0,0,0,0,0,0,0,0,0,0,0,0,1,0,0,0,0,0,0,0,0,0,0,0,0,0,0,1,0,0,0,0,0,0,0,0,1,0,0,0,0,0,0,0,0,0,0,1,0,1,0,0,0,1,0,0,0,1,0
193,55,3,4,16,13,10,15,0.0,0.0,0.0,0.0,0.59,0.47,1.56,0.66,167.9,168.8,66.4,91.5,4.9,5.2,9.0,8.1,3.8,4.5,-0.4,1.8,0,0,1,0,0,0,0,0,0,0,0,0,0,0,1,0,0,0,0,0,0,0,0,0,0,0,0,0,0,0,0,0,1,0,0,0,0,0,0,0,0,0,0,0,0,0,0,0,0,1,0,0,0,0,0,0,0,0,0,0,0,1,0,0,0,0,0,0,0,0,0,0,1,0,0,1,0,1,0,0,0,0,1,1
194,54,1,3,41,13,41,14,10.07,0.0,10.07,0.0,1.14,0.47,1.14,0.5,203.6,168.8,203.6,141.7,6.2,5.2,6.2,5.9,-1.3,4.5,-1.3,4.2,1,0,0,0,0,0,0,0,0,0,0,0,0,0,0,0,0,0,0,0,0,0,1,0,0,0,0,0,0,0,0,0,1,0,0,0,0,0,0,0,0,0,0,0,0,0,0,0,0,0,0,0,0,0,0,0,0,0,0,0,1,0,0,0,0,0,0,0,0,0,1,0,0,1,0,1,0,0,0,1,0,1,0,1
201,56,1,3,32,41,32,14,0.0,10.07,0.0,0.0,1.43,1.14,1.43,0.5,99.1,203.6,99.1,141.7,9.2,6.2,9.2,5.9,-0.8,-1.3,-0.8,4.2,0,0,1,0,0,0,0,0,0,0,0,0,0,0,0,0,0,0,0,1,0,0,0,0,0,0,0,0,0,0,0,0,0,0,0,0,0,0,0,0,0,1,0,0,0,0,0,0,0,0,0,0,0,0,0,0,0,1,0,0,0,0,0,0,0,0,0,0,0,0,1,1,0,0,0,0,1,1,0,0,0,1,0,1
202,56,1,3,32,32,10,14,0.0,0.0,0.0,0.0,1.43,1.43,1.56,0.5,99.1,99.1,66.4,141.7,9.2,9.2,9.0,5.9,-0.8,-0.8,-0.4,4.2,0,0,1,0,0,0,0,0,0,0,0,0,0,0,0,0,0,0,0,1,0,0,0,0,0,0,0,0,0,0,0,0,0,0,0,0,0,0,1,0,0,0,0,0,0,0,0,0,0,1,0,0,0,0,0,0,0,0,0,0,0,0,0,0,0,0,0,0,0,0,1,1,0,0,1,0,0,1,0,0,0,1,0,1
203,54,1,3,41,13,41,14,10.07,0.0,10.07,0.0,1.14,0.47,1.14,0.5,203.6,168.8,203.6,141.7,6.2,5.2,6.2,5.9,-1.3,4.5,-1.3,4.2,1,0,0,0,0,0,0,0,0,0,0,0,0,0,0,0,0,0,0,0,0,0,1,0,0,0,0,0,0,0,0,0,1,0,0,0,0,0,0,0,0,0,0,0,0,0,0,0,0,0,0,0,0,0,0,0,0,0,0,0,1,0,0,0,0,0,0,0,0,0,1,0,0,1,0,1,0,0,0,1,0,1,0,0
206,56,1,3,32,41,10,14,0.0,10.07,0.0,0.0,1.43,1.14,1.56,0.5,99.1,203.6,66.4,141.7,9.2,6.2,9.0,5.9,-0.8,-1.3,-0.4,4.2,0,0,1,0,0,0,0,0,0,0,0,0,0,0,0,0,0,0,0,1,0,0,0,0,0,0,0,0,0,0,0,0,0,0,0,0,0,0,0,0,0,1,0,0,0,0,0,0,0,1,0,0,0,0,0,0,0,0,0,0,0,0,0,0,0,0,0,0,0,0,1,1,0,0,0,0,1,1,0,0,0,1,0,1
207,55,3,4,41,13,45,15,10.07,0.0,0.0,0.0,1.14,0.47,1.52,0.66,203.6,168.8,129.3,91.5,6.2,5.2,8.0,8.1,-1.3,4.5,-1.6,1.8,1,0,0,0,0,0,0,0,0,0,0,0,0,0,0,0,0,0,0,0,0,0,1,0,0,0,0,0,0,0,0,0,1,0,0,0,0,0,0,0,0,0,0,0,0,0,0,0,0,0,0,0,0,0,0,0,1,0,0,0,0,1,0,0,0,0,0,0,0,0,0,0,0,1,0,1,0,1,0,0,0,0,1,0
208,56,3,4,45,41,32,15,0.0,10.07,0.0,0.0,1.52,1.14,0.96,0.66,129.3,203.6,122.1,91.5,8.0,6.2,8.6,8.1,-1.6,-1.3,-0.7,1.8,0,0,0,0,1,0,0,0,0,0,0,0,0,0,0,0,0,0,1,0,0,0,0,0,0,0,0,0,0,0,0,0,0,0,0,0,0,0,0,0,0,1,0,0,0,0,0,0,0,0,0,0,0,0,0,0,0,0,1,0,0,1,0,0,0,0,0,0,0,0,0,1,0,0,0,0,1,1,0,0,0,0,1,0
209,57,3,4,32,45,49,15,0.0,0.0,0.0,0.0,0.96,1.52,1.56,0.66,122.1,129.3,135.2,91.5,8.6,8.0,11.6,8.1,-0.7,-1.6,-3.5,1.8,0,1,0,0,0,0,0,0,0,0,0,0,0,0,0,0,0,0,0,0,1,0,0,0,0,0,0,0,0,0,0,0,0,0,0,0,0,1,0,0,0,0,0,0,0,1,0,0,0,0,0,0,0,0,0,0,0,0,0,0,0,1,0,0,0,0,0,0,0,0,0,1,0,0,1,0,0,1,0,0,0,0,1,0
210,58,3,4,49,32,10,15,0.0,0.0,0.0,0.0,1.56,0.96,1.56,0.66,135.2,122.1,66.4,91.5,11.6,8.6,9.0,8.1,-3.5,-0.7,-0.4,1.8,0,0,1,0,0,0,0,1,0,0,0,0,0,0,0,0,0,0,0,0,0,0,0,0,0,0,0,0,0,0,0,0,0,0,0,0,0,0,0,1,0,0,0,0,0,0,0,0,0,1,0,0,0,0,0,0,0,0,0,0,0,1,0,0,0,0,0,0,0,0,0,1,0,0,1,0,0,1,0,0,0,0,1,0
217,52,3,4,49,10,49,14,0.0,0.0,0.0,0.0,1.56,0.6,1.56,0.5,135.2,203.4,135.2,141.7,11.6,5.2,11.6,5.9,-3.5,2.8,-3.5,4.2,1,0,0,0,0,0,0,1,0,0,0,0,0,0,0,0,0,0,0,0,0,0,0,0,0,0,0,0,0,0,0,0,0,0,0,0,1,0,0,0,0,0,0,0,0,1,0,0,0,0,0,0,0,0,0,0,0,0,0,0,0,0,0,0,0,0,0,0,0,0,1,1,0,0,0,1,0,1,0,0,0,1,0,1
218,52,3,4,49,49,45,14,0.0,0.0,0.0,0.0,1.56,1.56,1.52,0.5,135.2,135.2,129.3,141.7,11.6,11.6,8.0,5.9,-3.5,-3.5,-1.6,4.2,1,0,0,0,0,0,0,1,0,0,0,0,0,0,0,0,0,0,0,0,0,0,0,0,0,0,1,0,0,0,0,0,0,0,0,0,0,0,0,0,0,0,0,0,0,0,0,0,0,0,0,0,0,0,0,0,1,0,0,0,0,0,0,0,0,0,0,0,0,0,1,1,0,0,1,0,0,1,0,0,0,1,0,1
219,53,3,4,45,49,32,14,0.0,0.0,0.0,0.0,1.52,1.56,1.43,0.5,129.3,135.2,99.1,141.7,8.0,11.6,9.2,5.9,-1.6,-3.5,-0.8,4.2,0,0,0,0,1,0,0,0,0,0,0,0,0,0,0,0,0,0,1,0,0,0,0,0,0,0,1,0,0,0,0,0,0,0,0,0,0,0,0,0,0,0,0,0,0,0,0,0,0,0,0,0,0,0,0,0,0,1,0,0,0,0,0,0,0,0,0,0,0,0,1,1,0,0,1,0,0,1,0,0,0,1,0,0
222,54,3,4,32,32,49,14,0.0,0.0,0.0,0.0,1.43,1.43,1.56,0.5,99.1,99.1,135.2,141.7,9.2,9.2,11.6,5.9,-0.8,-0.8,-3.5,4.2,0,1,0,0,0,0,0,0,0,0,0,0,0,0,0,0,0,0,0,1,0,0,0,0,0,0,0,0,0,0,0,0,0,0,0,0,0,0,1,0,0,0,0,0,0,1,0,0,0,0,0,0,0,0,0,0,0,0,0,0,0,0,0,0,0,0,0,0,0,0,1,1,0,0,1,0,0,1,0,0,0,1,0,1
223,55,3,4,49,32,49,14,0.0,0.0,0.0,0.0,1.56,1.43,1.56,0.5,135.2,99.1,135.2,141.7,11.6,9.2,11.6,5.9,-3.5,-0.8,-3.5,4.2,0,0,1,0,0,0,0,1,0,0,0,0,0,0,0,0,0,0,0,0,0,0,0,0,0,0,0,0,0,0,0,0,0,0,0,0,0,0,1,0,0,0,0,0,0,1,0,0,0,0,0,0,0,0,0,0,0,0,0,0,0,0,0,0,0,0,0,0,0,0,1,1,0,0,1,0,0,1,0,0,0,1,0,1
224,55,3,4,49,49,49,14,0.0,0.0,0.0,0.0,1.56,1.56,1.56,0.5,135.2,135.2,135.2,141.7,11.6,11.6,11.6,5.9,-3.5,-3.5,-3.5,4.2,0,0,1,0,0,0,0,1,0,0,0,0,0,0,0,0,0,0,0,0,0,0,0,0,0,0,1,0,0,0,0,0,0,0,0,0,0,0,0,0,0,0,0,0,0,1,0,0,0,0,0,0,0,0,0,0,0,0,0,0,0,0,0,0,0,0,0,0,0,0,1,1,0,0,1,0,0,1,0,0,0,1,0,1
225,55,3,4,49,49,10,14,0.0,0.0,0.0,0.0,1.56,1.56,1.56,0.5,135.2,135.2,66.4,141.7,11.6,11.6,9.0,5.9,-3.5,-3.5,-0.4,4.2,0,0,1,0,0,0,0,1,0,0,0,0,0,0,0,0,0,0,0,0,0,0,0,0,0,0,1,0,0,0,0,0,0,0,0,0,0,0,0,0,0,0,0,0,0,0,0,0,0,1,0,0,0,0,0,0,0,0,0,0,0,0,0,0,0,0,0,0,0,0,1,1,0,0,1,0,0,1,0,0,0,1,0,1
248,52,3,4,41,13,41,15,10.07,0.0,10.07,0.0,1.14,0.47,1.14,0.66,203.6,168.8,203.6,91.5,6.2,5.2,6.2,8.1,-1.3,4.5,-1.3,1.8,1,0,0,0,0,0,0,0,0,0,0,0,0,0,0,0,0,0,0,0,0,0,1,0,0,0,0,0,0,0,0,0,1,0,0,0,0,0,0,0,0,0,0,0,0,0,0,0,0,0,0,0,0,0,0,0,0,0,0,0,1,1,0,0,0,0,0,0,0,0,0,0,0,1,0,1,0,0,0,1,0,0,1,1
251,53,3,4,45,41,41,15,0.0,10.07,10.07,0.0,1.52,1.14,1.14,0.66,129.3,203.6,203.6,91.5,8.0,6.2,6.2,8.1,-1.6,-1.3,-1.3,1.8,0,0,0,0,1,0,0,0,0,0,0,0,0,0,0,0,0,0,1,0,0,0,0,0,0,0,0,0,0,0,0,0,0,0,0,0,0,0,0,0,0,1,0,0,0,0,0,0,0,0,0,0,0,0,0,0,0,0,0,0,1,1,0,0,0,0,0,0,0,0,0,1,0,0,0,0,1,0,0,1,0,0,1,0
255,52,4,4,32,13,32,67,0.0,0.0,0.0,12.48,1.43,0.47,1.43,0.95,99.1,168.8,99.1,202.0,9.2,5.2,9.2,10.5,-0.8,4.5,-0.8,-4.5,1,0,0,0,0,0,0,0,0,0,0,0,0,0,0,0,0,0,0,1,0,0,0,0,0,0,0,0,0,0,0,0,1,0,0,0,0,0,0,0,0,0,0,0,0,0,0,0,0,0,0,0,0,0,0,0,0,1,0,0,0,0,1,0,0,0,0,0,0,0,0,1,0,0,0,1,0,1,0,0,1,0,0,0
256,53,4,4,32,32,32,67,0.0,0.0,0.0,12.48,1.43,1.43,1.43,0.95,99.1,99.1,99.1,202.0,9.2,9.2,9.2,10.5,-0.8,-0.8,-0.8,-4.5,0,0,0,0,1,0,0,0,0,0,0,0,0,0,0,0,0,0,0,1,0,0,0,0,0,0,0,0,0,0,0,0,0,0,0,0,0,0,1,0,0,0,0,0,0,0,0,0,0,0,0,0,0,0,0,0,0,1,0,0,0,0,1,0,0,0,0,0,0,0,0,1,0,0,1,0,0,1,0,0,1,0,0,0
261,52,1,3,41,13,41,14,10.07,0.0,10.07,0.0,1.14,0.47,1.14,0.5,203.6,168.8,203.6,141.7,6.2,5.2,6.2,5.9,-1.3,4.5,-1.3,4.2,1,0,0,0,0,0,0,0,0,0,0,0,0,0,0,0,0,0,0,0,0,0,1,0,0,0,0,0,0,0,0,0,1,0,0,0,0,0,0,0,0,0,0,0,0,0,0,0,0,0,0,0,0,0,0,0,0,0,0,0,1,0,0,0,0,0,0,0,0,0,1,0,0,1,0,1,0,0,0,1,0,1,0,1
262,52,1,3,41,41,41,14,10.07,10.07,10.07,0.0,1.14,1.14,1.14,0.5,203.6,203.6,203.6,141.7,6.2,6.2,6.2,5.9,-1.3,-1.3,-1.3,4.2,1,0,0,0,0,0,0,0,0,0,0,0,0,0,0,0,0,0,0,0,0,0,1,0,0,0,0,0,0,0,0,0,0,0,0,0,0,0,0,0,0,1,0,0,0,0,0,0,0,0,0,0,0,0,0,0,0,0,0,0,1,0,0,0,0,0,0,0,0,0,1,0,0,1,0,0,1,0,0,1,0,1,0,1
265,53,1,3,41,41,32,14,10.07,10.07,0.0,0.0,1.14,1.14,1.43,0.5,203.6,203.6,99.1,141.7,6.2,6.2,9.2,5.9,-1.3,-1.3,-0.8,4.2,0,1,0,0,0,0,0,0,0,0,0,0,0,0,0,0,0,0,0,0,0,0,1,0,0,0,0,0,0,0,0,0,0,0,0,0,0,0,0,0,0,1,0,0,0,0,0,0,0,0,0,0,0,0,0,0,0,1,0,0,0,0,0,0,0,0,0,0,0,0,1,0,0,1,0,0,1,1,0,0,0,1,0,1
266,54,1,3,32,41,10,14,0.0,10.07,0.0,0.0,1.43,1.14,1.56,0.5,99.1,203.6,66.4,141.7,9.2,6.2,9.0,5.9,-0.8,-1.3,-0.4,4.2,0,0,1,0,0,0,0,0,0,0,0,0,0,0,0,0,0,0,0,1,0,0,0,0,0,0,0,0,0,0,0,0,0,0,0,0,0,0,0,0,0,1,0,0,0,0,0,0,0,1,0,0,0,0,0,0,0,0,0,0,0,0,0,0,0,0,0,0,0,0,1,1,0,0,0,0,1,1,0,0,0,1,0,1
267,52,3,4,49,13,49,15,0.0,0.0,0.0,0.0,1.56,0.47,1.56,0.66,135.2,168.8,135.2,91.5,11.6,5.2,11.6,8.1,-3.5,4.5,-3.5,1.8,1,0,0,0,0,0,0,1,0,0,0,0,0,0,0,0,0,0,0,0,0,0,0,0,0,0,0,0,0,0,0,0,1,0,0,0,0,0,0,0,0,0,0,0,0,1,0,0,0,0,0,0,0,0,0,0,0,0,0,0,0,1,0,0,0,0,0,0,0,0,0,1,0,0,0,1,0,1,0,0,0,0,1,1
268,52,3,4,49,49,49,15,0.0,0.0,0.0,0.0,1.56,1.56,1.56,0.66,135.2,135.2,135.2,91.5,11.6,11.6,11.6,8.1,-3.5,-3.5,-3.5,1.8,1,0,0,0,0,0,0,1,0,0,0,0,0,0,0,0,0,0,0,0,0,0,0,0,0,0,1,0,0,0,0,0,0,0,0,0,0,0,0,0,0,0,0,0,0,1,0,0,0,0,0,0,0,0,0,0,0,0,0,0,0,1,0,0,0,0,0,0,0,0,0,1,0,0,1,0,0,1,0,0,0,0,1,1
269,52,3,4,49,49,45,15,0.0,0.0,0.0,0.0,1.56,1.56,1.52,0.66,135.2,135.2,129.3,91.5,11.6,11.6,8.0,8.1,-3.5,-3.5,-1.6,1.8,1,0,0,0,0,0,0,1,0,0,0,0,0,0,0,0,0,0,0,0,0,0,0,0,0,0,1,0,0,0,0,0,0,0,0,0,0,0,0,0,0,0,0,0,0,0,0,0,0,0,0,0,0,0,0,0,1,0,0,0,0,1,0,0,0,0,0,0,0,0,0,1,0,0,1,0,0,1,0,0,0,0,1,1
270,53,3,4,45,49,45,15,0.0,0.0,0.0,0.0,1.52,1.56,1.52,0.66,129.3,135.2,129.3,91.5,8.0,11.6,8.0,8.1,-1.6,-3.5,-1.6,1.8,0,0,0,0,1,0,0,0,0,0,0,0,0,0,0,0,0,0,1,0,0,0,0,0,0,0,1,0,0,0,0,0,0,0,0,0,0,0,0,0,0,0,0,0,0,0,0,0,0,0,0,0,0,0,0,0,1,0,0,0,0,1,0,0,0,0,0,0,0,0,0,1,0,0,1,0,0,1,0,0,0,0,1,0
271,54,3,4,45,45,49,15,0.0,0.0,0.0,0.0,1.52,1.52,1.56,0.66,129.3,129.3,135.2,91.5,8.0,8.0,11.6,8.1,-1.6,-1.6,-3.5,1.8,0,1,0,0,0,0,0,0,0,0,0,0,0,0,0,0,0,0,1,0,0,0,0,0,0,0,0,0,0,0,0,0,0,0,0,0,0,1,0,0,0,0,0,0,0,1,0,0,0,0,0,0,0,0,0,0,0,0,0,0,0,1,0,0,0,0,0,0,0,0,0,1,0,0,1,0,0,1,0,0,0,0,1,1
272,55,3,4,49,45,49,15,0.0,0.0,0.0,0.0,1.56,1.52,1.56,0.66,135.2,129.3,135.2,91.5,11.6,8.0,11.6,8.1,-3.5,-1.6,-3.5,1.8,0,0,1,0,0,0,0,1,0,0,0,0,0,0,0,0,0,0,0,0,0,0,0,0,0,0,0,0,0,0,0,0,0,0,0,0,0,1,0,0,0,0,0,0,0,1,0,0,0,0,0,0,0,0,0,0,0,0,0,0,0,1,0,0,0,0,0,0,0,0,0,1,0,0,1,0,0,1,0,0,0,0,1,1
275,55,3,4,49,49,67,15,0.0,0.0,12.48,0.0,1.56,1.56,0.95,0.66,135.2,135.2,202.0,91.5,11.6,11.6,10.5,8.1,-3.5,-3.5,-4.5,1.8,0,0,1,0,0,0,0,1,0,0,0,0,0,0,0,0,0,0,0,0,0,0,0,0,0,0,1,0,0,0,0,0,0,0,0,0,0,0,0,0,0,0,0,0,1,0,0,0,0,0,0,0,0,0,0,0,0,0,0,0,0,1,0,0,0,0,0,0,0,0,0,1,0,0,1,0,0,1,0,0,0,0,1,1
276,52,0,4,10,10,45,55,0.0,0.0,0.0,0.0,1.56,0.6,1.52,0.74,66.4,203.4,129.3,155.1,9.0,5.2,8.0,12.3,-0.4,2.8,-1.6,-3.5,1,0,0,0,0,0,0,0,0,0,0,1,0,0,0,0,0,0,0,0,0,0,0,0,0,0,0,0,0,0,0,0,0,0,0,0,1,0,0,0,0,0,0,0,0,0,0,0,0,0,0,0,0,0,0,0,1,0,0,0,0,0,0,0,1,0,0,0,0,0,0,1,0,0,0,1,0,1,0,0,1,0,0,0
277,53,0,4,45,10,55,55,0.0,0.0,0.0,0.0,1.52,1.56,0.74,0.74,129.3,66.4,155.1,155.1,8.0,9.0,12.3,12.3,-1.6,-0.4,-3.5,-3.5,0,0,0,0,1,0,0,0,0,0,0,0,0,0,0,0,0,0,1,0,0,0,0,0,0,0,0,0,0,0,1,0,0,0,0,0,0,0,0,0,0,0,0,0,0,0,0,0,1,0,0,0,0,0,0,0,0,0,0,0,0,0,0,0,1,0,0,0,0,0,0,1,0,0,1,0,0,1,0,0,1,0,0,0
278,54,0,4,55,45,55,55,0.0,0.0,0.0,0.0,0.74,1.52,0.74,0.74,155.1,129.3,155.1,155.1,12.3,8.0,12.3,12.3,-3.5,-1.6,-3.5,-3.5,0,1,0,0,0,0,0,0,0,0,1,0,0,0,0,0,0,0,0,0,0,0,0,0,0,0,0,0,0,0,0,0,0,0,0,0,0,1,0,0,0,0,0,0,0,0,0,0,1,0,0,0,0,0,0,0,0,0,0,0,0,0,0,0,1,0,0,0,0,0,0,1,0,0,1,0,0,1,0,0,1,0,0,1
284,55,0,4,55,55,49,55,0.0,0.0,0.0,0.0,0.74,0.74,1.56,0.74,155.1,155.1,135.2,155.1,12.3,12.3,11.6,12.3,-3.5,-3.5,-3.5,-3.5,0,0,1,0,0,0,0,0,0,0,1,0,0,0,0,0,0,0,0,0,0,0,0,0,0,0,0,0,0,1,0,0,0,0,0,0,0,0,0,0,0,0,0,0,0,1,0,0,0,0,0,0,0,0,0,0,0,0,0,0,0,0,0,0,1,0,0,0,0,0,0,1,0,0,1,0,0,1,0,0,1,0,0,1
296,52,3,4,67,13,45,14,12.48,0.0,0.0,0.0,0.95,0.47,1.52,0.5,202.0,168.8,129.3,141.7,10.5,5.2,8.0,5.9,-4.5,4.5,-1.6,4.2,1,0,0,0,0,0,1,0,0,0,0,0,0,0,0,0,0,0,0,0,0,0,0,0,0,0,0,0,0,0,0,0,1,0,0,0,0,0,0,0,0,0,0,0,0,0,0,0,0,0,0,0,0,0,0,0,1,0,0,0,0,0,0,0,0,0,0,0,0,0,1,1,0,0,0,1,0,1,0,0,0,1,0,1
297,53,3,4,45,67,41,14,0.0,12.48,10.07,0.0,1.52,0.95,1.14,0.5,129.3,202.0,203.6,141.7,8.0,10.5,6.2,5.9,-1.6,-4.5,-1.3,4.2,0,0,0,0,1,0,0,0,0,0,0,0,0,0,0,0,0,0,1,0,0,0,0,0,0,1,0,0,0,0,0,0,0,0,0,0,0,0,0,0,0,0,0,0,0,0,0,0,0,0,0,0,0,0,0,0,0,0,0,0,1,0,0,0,0,0,0,0,0,0,1,1,0,0,1,0,0,0,0,1,0,1,0,0
298,54,3,4,41,45,32,14,10.07,0.0,0.0,0.0,1.14,1.52,1.43,0.5,203.6,129.3,99.1,141.7,6.2,8.0,9.2,5.9,-1.3,-1.6,-0.8,4.2,0,1,0,0,0,0,0,0,0,0,0,0,0,0,0,0,0,0,0,0,0,0,1,0,0,0,0,0,0,0,0,0,0,0,0,0,0,1,0,0,0,0,0,0,0,0,0,0,0,0,0,0,0,0,0,0,0,1,0,0,0,0,0,0,0,0,0,0,0,0,1,0,0,1,1,0,0,1,0,0,0,1,0,1
299,55,3,4,32,41,10,14,0.0,10.07,0.0,0.0,1.43,1.14,1.56,0.5,99.1,203.6,66.4,141.7,9.2,6.2,9.0,5.9,-0.8,-1.3,-0.4,4.2,0,0,1,0,0,0,0,0,0,0,0,0,0,0,0,0,0,0,0,1,0,0,0,0,0,0,0,0,0,0,0,0,0,0,0,0,0,0,0,0,0,1,0,0,0,0,0,0,0,1,0,0,0,0,0,0,0,0,0,0,0,0,0,0,0,0,0,0,0,0,1,1,0,0,0,0,1,1,0,0,0,1,0,0
300,52,3,4,32,13,45,15,0.0,0.0,0.0,0.0,1.43,0.47,1.52,0.66,99.1,168.8,129.3,91.5,9.2,5.2,8.0,8.1,-0.8,4.5,-1.6,1.8,1,0,0,0,0,0,0,0,0,0,0,0,0,0,0,0,0,0,0,1,0,0,0,0,0,0,0,0,0,0,0,0,1,0,0,0,0,0,0,0,0,0,0,0,0,0,0,0,0,0,0,0,0,0,0,0,1,0,0,0,0,1,0,0,0,0,0,0,0,0,0,1,0,0,0,1,0,1,0,0,0,0,1,1
301,53,3,4,45,32,32,15,0.0,0.0,0.0,0.0,1.52,1.43,1.43,0.66,129.3,99.1,99.1,91.5,8.0,9.2,9.2,8.1,-1.6,-0.8,-0.8,1.8,0,0,0,0,1,0,0,0,0,0,0,0,0,0,0,0,0,0,1,0,0,0,0,0,0,0,0,0,0,0,0,0,0,0,0,0,0,0,1,0,0,0,0,0,0,0,0,0,0,0,0,0,0,0,0,0,0,1,0,0,0,1,0,0,0,0,0,0,0,0,0,1,0,0,1,0,0,1,0,0,0,0,1,0
302,54,3,4,32,45,32,15,0.0,0.0,0.0,0.0,1.43,1.52,1.43,0.66,99.1,129.3,99.1,91.5,9.2,8.0,9.2,8.1,-0.8,-1.6,-0.8,1.8,0,1,0,0,0,0,0,0,0,0,0,0,0,0,0,0,0,0,0,1,0,0,0,0,0,0,0,0,0,0,0,0,0,0,0,0,0,1,0,0,0,0,0,0,0,0,0,0,0,0,0,0,0,0,0,0,0,1,0,0,0,1,0,0,0,0,0,0,0,0,0,1,0,0,1,0,0,1,0,0,0,0,1,1
310,55,3,4,32,32,10,15,0.0,0.0,0.0,0.0,1.43,1.43,1.56,0.66,99.1,99.1,66.4,91.5,9.2,9.2,9.0,8.1,-0.8,-0.8,-0.4,1.8,0,0,1,0,0,0,0,0,0,0,0,0,0,0,0,0,0,0,0,1,0,0,0,0,0,0,0,0,0,0,0,0,0,0,0,0,0,0,1,0,0,0,0,0,0,0,0,0,0,1,0,0,0,0,0,0,0,0,0,0,0,1,0,0,0,0,0,0,0,0,0,1,0,0,1,0,0,1,0,0,0,0,1,1
311,52,4,4,32,32,32,67,0.0,0.0,0.0,12.48,1.43,0.96,1.43,0.95,99.1,122.1,99.1,202.0,9.2,8.6,9.2,10.5,-0.8,-0.7,-0.8,-4.5,1,0,0,0,0,0,0,0,0,0,0,0,0,0,0,0,0,0,0,1,0,0,0,0,0,0,0,0,0,0,0,0,0,0,0,0,0,0,0,1,0,0,0,0,0,0,0,0,0,0,0,0,0,0,0,0,0,1,0,0,0,0,1,0,0,0,0,0,0,0,0,1,0,0,1,0,0,1,0,0,1,0,0,1
313,54,4,4,32,32,10,67,0.0,0.0,0.0,12.48,1.43,1.43,1.56,0.95,99.1,99.1,66.4,202.0,9.2,9.2,9.0,10.5,-0.8,-0.8,-0.4,-4.5,0,1,0,0,0,0,0,0,0,0,0,0,0,0,0,0,0,0,0,1,0,0,0,0,0,0,0,0,0,0,0,0,0,0,0,0,0,0,1,0,0,0,0,0,0,0,0,0,0,1,0,0,0,0,0,0,0,0,0,0,0,0,1,0,0,0,0,0,0,0,0,1,0,0,1,0,0,1,0,0,1,0,0,0
315,51,1,4,13,13,45,15,0.0,0.0,0.0,0.0,0.47,0.47,1.52,0.66,168.8,168.8,129.3,91.5,5.2,5.2,8.0,8.1,4.5,4.5,-1.6,1.8,1,0,0,0,0,0,0,0,0,0,0,0,0,1,0,0,0,0,0,0,0,0,0,0,0,0,0,0,0,0,0,0,1,0,0,0,0,0,0,0,0,0,0,0,0,0,0,0,0,0,0,0,0,0,0,0,1,0,0,0,0,1,0,0,0,0,0,0,0,0,0,0,1,0,0,1,0,1,0,0,0,0,1,1
316,52,1,4,45,13,13,15,0.0,0.0,0.0,0.0,1.52,0.47,0.47,0.66,129.3,168.8,168.8,91.5,8.0,5.2,5.2,8.1,-1.6,4.5,4.5,1.8,0,0,0,0,1,0,0,0,0,0,0,0,0,0,0,0,0,0,1,0,0,0,0,0,0,0,0,0,0,0,0,0,1,0,0,0,0,0,0,0,0,0,0,0,0,0,0,0,0,0,0,1,0,0,0,0,0,0,0,0,0,1,0,0,0,0,0,0,0,0,0,1,0,0,0,1,0,0,1,0,0,0,1,0
317,53,1,4,13,45,10,15,0.0,0.0,0.0,0.0,0.47,1.52,0.6,0.66,168.8,129.3,203.4,91.5,5.2,8.0,5.2,8.1,4.5,-1.6,2.8,1.8,0,1,0,0,0,0,0,0,0,0,0,0,0,1,0,0,0,0,0,0,0,0,0,0,0,0,0,0,0,0,0,0,0,0,0,0,0,1,0,0,0,0,0,0,0,0,0,0,0,0,0,0,0,0,0,1,0,0,0,0,0,1,0,0,0,0,0,0,0,0,0,0,1,0,1,0,0,0,1,0,0,0,1,1
318,54,1,4,10,13,10,15,0.0,0.0,0.0,0.0,0.6,0.47,1.56,0.66,203.4,168.8,66.4,91.5,5.2,5.2,9.0,8.1,2.8,4.5,-0.4,1.8,0,0,1,0,0,0,0,0,0,0,0,0,0,0,0,0,0,1,0,0,0,0,0,0,0,0,0,0,0,0,0,0,1,0,0,0,0,0,0,0,0,0,0,0,0,0,0,0,0,1,0,0,0,0,0,0,0,0,0,0,0,1,0,0,0,0,0,0,0,0,0,0,1,0,0,1,0,1,0,0,0,0,1,1
319,52,3,4,32,13,32,15,0.0,0.0,0.0,0.0,1.43,0.47,1.43,0.66,99.1,168.8,99.1,91.5,9.2,5.2,9.2,8.1,-0.8,4.5,-0.8,1.8,1,0,0,0,0,0,0,0,0,0,0,0,0,0,0,0,0,0,0,1,0,0,0,0,0,0,0,0,0,0,0,0,1,0,0,0,0,0,0,0,0,0,0,0,0,0,0,0,0,0,0,0,0,0,0,0,0,1,0,0,0,1,0,0,0,0,0,0,0,0,0,1,0,0,0,1,0,1,0,0,0,0,1,1
320,52,3,4,32,32,15,15,0.0,0.0,0.0,0.0,1.43,1.43,0.66,0.66,99.1,99.1,91.5,91.5,9.2,9.2,8.1,8.1,-0.8,-0.8,1.8,1.8,1,0,0,0,0,0,0,0,0,0,0,0,0,0,0,0,0,0,0,1,0,0,0,0,0,0,0,0,0,0,0,0,0,0,0,0,0,0,1,0,0,0,0,1,0,0,0,0,0,0,0,0,0,0,0,0,0,0,0,0,0,1,0,0,0,0,0,0,0,0,0,1,0,0,1,0,0,0,0,1,0,0,1,1
326,52,3,4,32,13,15,15,0.0,0.0,0.0,0.0,1.43,0.47,0.66,0.66,99.1,168.8,91.5,91.5,9.2,5.2,8.1,8.1,-0.8,4.5,1.8,1.8,1,0,0,0,0,0,0,0,0,0,0,0,0,0,0,0,0,0,0,1,0,0,0,0,0,0,0,0,0,0,0,0,1,0,0,0,0,0,0,0,0,0,0,1,0,0,0,0,0,0,0,0,0,0,0,0,0,0,0,0,0,1,0,0,0,0,0,0,0,0,0,1,0,0,0,1,0,0,0,1,0,0,1,1
332,55,3,4,32,13,32,15,0.0,0.0,0.0,0.0,1.43,0.47,1.43,0.66,99.1,168.8,99.1,91.5,9.2,5.2,9.2,8.1,-0.8,4.5,-0.8,1.8,1,0,0,0,0,0,0,0,0,0,0,0,0,0,0,0,0,0,0,1,0,0,0,0,0,0,0,0,0,0,0,0,1,0,0,0,0,0,0,0,0,0,0,0,0,0,0,0,0,0,0,0,0,0,0,0,0,1,0,0,0,1,0,0,0,0,0,0,0,0,0,1,0,0,0,1,0,1,0,0,0,0,1,1
333,56,3,4,32,32,41,15,0.0,0.0,10.07,0.0,1.43,1.43,1.14,0.66,99.1,99.1,203.6,91.5,9.2,9.2,6.2,8.1,-0.8,-0.8,-1.3,1.8,0,0,0,0,1,0,0,0,0,0,0,0,0,0,0,0,0,0,0,1,0,0,0,0,0,0,0,0,0,0,0,0,0,0,0,0,0,0,1,0,0,0,0,0,0,0,0,0,0,0,0,0,0,0,0,0,0,0,0,0,1,1,0,0,0,0,0,0,0,0,0,1,0,0,1,0,0,0,0,1,0,0,1,0
334,57,3,4,41,32,41,15,10.07,0.0,10.07,0.0,1.14,1.43,1.14,0.66,203.6,99.1,203.6,91.5,6.2,9.2,6.2,8.1,-1.3,-0.8,-1.3,1.8,0,1,0,0,0,0,0,0,0,0,0,0,0,0,0,0,0,0,0,0,0,0,1,0,0,0,0,0,0,0,0,0,0,0,0,0,0,0,1,0,0,0,0,0,0,0,0,0,0,0,0,0,0,0,0,0,0,0,0,0,1,1,0,0,0,0,0,0,0,0,0,0,0,1,1,0,0,0,0,1,0,0,1,1
339,57,3,4,41,41,32,15,10.07,10.07,0.0,0.0,1.14,1.14,1.43,0.66,203.6,203.6,99.1,91.5,6.2,6.2,9.2,8.1,-1.3,-1.3,-0.8,1.8,0,1,0,0,0,0,0,0,0,0,0,0,0,0,0,0,0,0,0,0,0,0,1,0,0,0,0,0,0,0,0,0,0,0,0,0,0,0,0,0,0,1,0,0,0,0,0,0,0,0,0,0,0,0,0,0,0,1,0,0,0,1,0,0,0,0,0,0,0,0,0,0,0,1,0,0,1,1,0,0,0,0,1,1
340,58,3,4,32,41,32,15,0.0,10.07,0.0,0.0,1.43,1.14,1.43,0.66,99.1,203.6,99.1,91.5,9.2,6.2,9.2,8.1,-0.8,-1.3,-0.8,1.8,0,0,1,0,0,0,0,0,0,0,0,0,0,0,0,0,0,0,0,1,0,0,0,0,0,0,0,0,0,0,0,0,0,0,0,0,0,0,0,0,0,1,0,0,0,0,0,0,0,0,0,0,0,0,0,0,0,1,0,0,0,1,0,0,0,0,0,0,0,0,0,1,0,0,0,0,1,1,0,0,0,0,1,1
341,58,3,4,32,32,10,15,0.0,0.0,0.0,0.0,1.43,1.43,1.56,0.66,99.1,99.1,66.4,91.5,9.2,9.2,9.0,8.1,-0.8,-0.8,-0.4,1.8,0,0,1,0,0,0,0,0,0,0,0,0,0,0,0,0,0,0,0,1,0,0,0,0,0,0,0,0,0,0,0,0,0,0,0,0,0,0,1,0,0,0,0,0,0,0,0,0,0,1,0,0,0,0,0,0,0,0,0,0,0,1,0,0,0,0,0,0,0,0,0,1,0,0,1,0,0,1,0,0,0,0,1,1
342,33,3,4,32,16,32,15,0.0,0.0,0.0,0.0,1.43,0.59,1.43,0.66,99.1,167.9,99.1,91.5,9.2,4.9,9.2,8.1,-0.8,3.8,-0.8,1.8,1,0,0,0,0,0,0,0,0,0,0,0,0,0,0,0,0,0,0,1,0,0,0,0,0,0,0,0,0,0,0,0,0,1,0,0,0,0,0,0,0,0,0,0,0,0,0,0,0,0,0,0,0,0,0,0,0,1,0,0,0,1,0,0,0,0,0,0,0,0,0,1,0,0,0,1,0,1,0,0,0,0,1,0
343,34,3,4,32,32,32,15,0.0,0.0,0.0,0.0,1.43,1.43,1.43,0.66,99.1,99.1,99.1,91.5,9.2,9.2,9.2,8.1,-0.8,-0.8,-0.8,1.8,0,0,0,0,1,0,0,0,0,0,0,0,0,0,0,0,0,0,0,1,0,0,0,0,0,0,0,0,0,0,0,0,0,0,0,0,0,0,1,0,0,0,0,0,0,0,0,0,0,0,0,0,0,0,0,0,0,1,0,0,0,1,0,0,0,0,0,0,0,0,0,1,0,0,1,0,0,1,0,0,0,0,1,0
344,35,3,4,32,32,41,15,0.0,0.0,10.07,0.0,1.43,1.43,1.14,0.66,99.1,99.1,203.6,91.5,9.2,9.2,6.2,8.1,-0.8,-0.8,-1.3,1.8,0,1,0,0,0,0,0,0,0,0,0,0,0,0,0,0,0,0,0,1,0,0,0,0,0,0,0,0,0,0,0,0,0,0,0,0,0,0,1,0,0,0,0,0,0,0,0,0,0,0,0,0,0,0,0,0,0,0,0,0,1,1,0,0,0,0,0,0,0,0,0,1,0,0,1,0,0,0,0,1,0,0,1,0
345,36,3,4,41,32,20,15,10.07,0.0,0.0,0.0,1.14,1.43,0.6,0.66,203.6,99.1,170.8,91.5,6.2,9.2,5.7,8.1,-1.3,-0.8,1.9,1.8,0,0,1,0,0,0,0,0,0,0,0,0,0,0,0,0,0,0,0,0,0,0,1,0,0,0,0,0,0,0,0,0,0,0,0,0,0,0,1,0,0,0,0,0,0,0,0,0,0,0,0,0,0,0,1,0,0,0,0,0,0,1,0,0,0,0,0,0,0,0,0,0,0,1,1,0,0,0,1,0,0,0,1,1
346,52,3,4,41,16,41,15,10.07,0.0,10.07,0.0,1.14,0.59,1.14,0.66,203.6,167.9,203.6,91.5,6.2,4.9,6.2,8.1,-1.3,3.8,-1.3,1.8,1,0,0,0,0,0,0,0,0,0,0,0,0,0,0,0,0,0,0,0,0,0,1,0,0,0,0,0,0,0,0,0,0,1,0,0,0,0,0,0,0,0,0,0,0,0,0,0,0,0,0,0,0,0,0,0,0,0,0,0,1,1,0,0,0,0,0,0,0,0,0,0,0,1,0,1,0,0,0,1,0,0,1,1
350,53,3,4,45,41,55,15,0.0,10.07,0.0,0.0,1.52,1.14,0.74,0.66,129.3,203.6,155.1,91.5,8.0,6.2,12.3,8.1,-1.6,-1.3,-3.5,1.8,0,0,0,0,1,0,0,0,0,0,0,0,0,0,0,0,0,0,1,0,0,0,0,0,0,0,0,0,0,0,0,0,0,0,0,0,0,0,0,0,0,1,0,0,0,0,0,0,1,0,0,0,0,0,0,0,0,0,0,0,0,1,0,0,0,0,0,0,0,0,0,1,0,0,0,0,1,1,0,0,0,0,1,0
351,54,3,4,55,45,55,15,0.0,0.0,0.0,0.0,0.74,1.52,0.74,0.66,155.1,129.3,155.1,91.5,12.3,8.0,12.3,8.1,-3.5,-1.6,-3.5,1.8,0,1,0,0,0,0,0,0,0,0,1,0,0,0,0,0,0,0,0,0,0,0,0,0,0,0,0,0,0,0,0,0,0,0,0,0,0,1,0,0,0,0,0,0,0,0,0,0,1,0,0,0,0,0,0,0,0,0,0,0,0,1,0,0,0,0,0,0,0,0,0,1,0,0,1,0,0,1,0,0,0,0,1,1
352,54,3,4,55,55,32,15,0.0,0.0,0.0,0.0,0.74,0.74,1.43,0.66,155.1,155.1,99.1,91.5,12.3,12.3,9.2,8.1,-3.5,-3.5,-0.8,1.8,0,1,0,0,0,0,0,0,0,0,1,0,0,0,0,0,0,0,0,0,0,0,0,0,0,0,0,0,0,1,0,0,0,0,0,0,0,0,0,0,0,0,0,0,0,0,0,0,0,0,0,0,0,0,0,0,0,1,0,0,0,1,0,0,0,0,0,0,0,0,0,1,0,0,1,0,0,1,0,0,0,0,1,1
353,55,3,4,32,55,49,15,0.0,0.0,0.0,0.0,1.43,0.74,1.56,0.66,99.1,155.1,135.2,91.5,9.2,12.3,11.6,8.1,-0.8,-3.5,-3.5,1.8,0,0,1,0,0,0,0,0,0,0,0,0,0,0,0,0,0,0,0,1,0,0,0,0,0,0,0,0,0,1,0,0,0,0,0,0,0,0,0,0,0,0,0,0,0,1,0,0,0,0,0,0,0,0,0,0,0,0,0,0,0,1,0,0,0,0,0,0,0,0,0,1,0,0,1,0,0,1,0,0,0,0,1,1
355,52,4,4,32,32,32,67,0.0,0.0,0.0,12.48,1.43,1.43,1.43,0.95,99.1,99.1,99.1,202.0,9.2,9.2,9.2,10.5,-0.8,-0.8,-0.8,-4.5,1,0,0,0,0,0,0,0,0,0,0,0,0,0,0,0,0,0,0,1,0,0,0,0,0,0,0,0,0,0,0,0,0,0,0,0,0,0,1,0,0,0,0,0,0,0,0,0,0,0,0,0,0,0,0,0,0,1,0,0,0,0,1,0,0,0,0,0,0,0,0,1,0,0,1,0,0,1,0,0,1,0,0,1
375,52,4,4,32,13,45,67,0.0,0.0,0.0,12.48,1.43,0.47,1.52,0.95,99.1,168.8,129.3,202.0,9.2,5.2,8.0,10.5,-0.8,4.5,-1.6,-4.5,1,0,0,0,0,0,0,0,0,0,0,0,0,0,0,0,0,0,0,1,0,0,0,0,0,0,0,0,0,0,0,0,1,0,0,0,0,0,0,0,0,0,0,0,0,0,0,0,0,0,0,0,0,0,0,0,1,0,0,0,0,0,1,0,0,0,0,0,0,0,0,1,0,0,0,1,0,1,0,0,1,0,0,0
376,53,4,4,45,32,10,67,0.0,0.0,0.0,12.48,1.52,1.43,0.6,0.95,129.3,99.1,203.4,202.0,8.0,9.2,5.2,10.5,-1.6,-0.8,2.8,-4.5,0,0,0,0,1,0,0,0,0,0,0,0,0,0,0,0,0,0,1,0,0,0,0,0,0,0,0,0,0,0,0,0,0,0,0,0,0,0,1,0,0,0,0,0,0,0,0,0,0,0,0,0,0,0,0,1,0,0,0,0,0,0,1,0,0,0,0,0,0,0,0,1,0,0,1,0,0,0,1,0,1,0,0,0
377,54,4,4,10,45,10,67,0.0,0.0,0.0,12.48,0.6,1.52,1.56,0.95,203.4,129.3,66.4,202.0,5.2,8.0,9.0,10.5,2.8,-1.6,-0.4,-4.5,0,1,0,0,0,0,0,0,0,0,0,0,0,0,0,0,0,1,0,0,0,0,0,0,0,0,0,0,0,0,0,0,0,0,0,0,0,1,0,0,0,0,0,0,0,0,0,0,0,1,0,0,0,0,0,0,0,0,0,0,0,0,1,0,0,0,0,0,0,0,0,0,1,0,1,0,0,1,0,0,1,0,0,0
378,55,4,4,10,10,10,67,0.0,0.0,0.0,12.48,1.56,0.6,1.56,0.95,66.4,203.4,66.4,202.0,9.0,5.2,9.0,10.5,-0.4,2.8,-0.4,-4.5,0,0,1,0,0,0,0,0,0,0,0,1,0,0,0,0,0,0,0,0,0,0,0,0,0,0,0,0,0,0,0,0,0,0,0,0,1,0,0,0,0,0,0,0,0,0,0,0,0,1,0,0,0,0,0,0,0,0,0,0,0,0,1,0,0,0,0,0,0,0,0,1,0,0,0,1,0,1,0,0,1,0,0,0
379,51,4,4,85,13,41,67,10.53,0.0,10.07,12.48,1.01,0.47,1.14,0.95,171.3,168.8,203.6,202.0,11.3,5.2,6.2,10.5,-3.9,4.5,-1.3,-4.5,1,0,0,0,0,0,0,0,0,0,0,0,0,0,0,1,0,0,0,0,0,0,0,0,0,0,0,0,0,0,0,0,1,0,0,0,0,0,0,0,0,0,0,0,0,0,0,0,0,0,0,0,0,0,0,0,0,0,0,0,1,0,1,0,0,0,0,0,0,0,0,1,0,0,0,1,0,0,0,1,1,0,0,0
380,52,4,4,41,85,50,67,10.07,10.53,3.86,12.48,1.14,1.01,1.46,0.95,203.6,171.3,124.5,202.0,6.2,11.3,13.0,10.5,-1.3,-3.9,-3.5,-4.5,0,0,0,0,1,0,0,0,0,0,0,0,0,0,0,0,0,0,0,0,0,0,1,0,0,0,0,0,0,0,0,0,0,0,1,0,0,0,0,0,0,0,0,0,0,0,1,0,0,0,0,0,0,0,0,0,0,0,0,0,0,0,1,0,0,0,0,0,0,0,0,0,0,1,1,0,0,1,0,0,1,0,0,0
381,53,4,4,50,41,10,67,3.86,10.07,0.0,12.48,1.46,1.14,1.56,0.95,124.5,203.6,66.4,202.0,13.0,6.2,9.0,10.5,-3.5,-1.3,-0.4,-4.5,0,1,0,0,0,0,0,0,1,0,0,0,0,0,0,0,0,0,0,0,0,0,0,0,0,0,0,0,0,0,0,0,0,0,0,0,0,0,0,0,0,1,0,0,0,0,0,0,0,1,0,0,0,0,0,0,0,0,0,0,0,0,1,0,0,0,0,0,0,0,0,1,0,0,0,0,1,1,0,0,1,0,0,0
382,54,4,4,10,50,32,67,0.0,3.86,0.0,12.48,1.56,1.46,1.43,0.95,66.4,124.5,99.1,202.0,9.0,13.0,9.2,10.5,-0.4,-3.5,-0.8,-4.5,0,0,1,0,0,0,0,0,0,0,0,1,0,0,0,0,0,0,0,0,0,0,0,0,0,0,0,1,0,0,0,0,0,0,0,0,0,0,0,0,0,0,0,0,0,0,0,0,0,0,0,0,0,0,0,0,0,1,0,0,0,0,1,0,0,0,0,0,0,0,0,1,0,0,1,0,0,1,0,0,1,0,0,0
383,52,3,4,41,14,41,15,10.07,0.0,10.07,0.0,1.14,0.5,1.14,0.66,203.6,141.7,203.6,91.5,6.2,5.9,6.2,8.1,-1.3,4.2,-1.3,1.8,1,0,0,0,0,0,0,0,0,0,0,0,0,0,0,0,0,0,0,0,0,0,1,0,0,0,0,0,0,0,0,0,0,0,0,0,0,0,0,0,0,0,1,0,0,0,0,0,0,0,0,0,0,0,0,0,0,0,0,0,1,1,0,0,0,0,0,0,0,0,0,0,0,1,0,1,0,0,0,1,0,0,1,1
386,53,3,4,45,41,50,15,0.0,10.07,3.86,0.0,1.52,1.14,1.46,0.66,129.3,203.6,124.5,91.5,8.0,6.2,13.0,8.1,-1.6,-1.3,-3.5,1.8,0,0,0,0,1,0,0,0,0,0,0,0,0,0,0,0,0,0,1,0,0,0,0,0,0,0,0,0,0,0,0,0,0,0,0,0,0,0,0,0,0,1,0,0,0,0,1,0,0,0,0,0,0,0,0,0,0,0,0,0,0,1,0,0,0,0,0,0,0,0,0,1,0,0,0,0,1,1,0,0,0,0,1,0
387,54,3,4,50,45,50,15,3.86,0.0,3.86,0.0,1.46,1.52,1.46,0.66,124.5,129.3,124.5,91.5,13.0,8.0,13.0,8.1,-3.5,-1.6,-3.5,1.8,0,1,0,0,0,0,0,0,1,0,0,0,0,0,0,0,0,0,0,0,0,0,0,0,0,0,0,0,0,0,0,0,0,0,0,0,0,1,0,0,0,0,0,0,0,0,1,0,0,0,0,0,0,0,0,0,0,0,0,0,0,1,0,0,0,0,0,0,0,0,0,1,0,0,1,0,0,1,0,0,0,0,1,0
388,55,3,4,50,50,32,15,3.86,3.86,0.0,0.0,1.46,1.46,1.43,0.66,124.5,124.5,99.1,91.5,13.0,13.0,9.2,8.1,-3.5,-3.5,-0.8,1.8,0,0,1,0,0,0,0,0,1,0,0,0,0,0,0,0,0,0,0,0,0,0,0,0,0,0,0,1,0,0,0,0,0,0,0,0,0,0,0,0,0,0,0,0,0,0,0,0,0,0,0,0,0,0,0,0,0,1,0,0,0,1,0,0,0,0,0,0,0,0,0,1,0,0,1,0,0,1,0,0,0,0,1,1
389,52,3,4,13,32,45,15,0.0,0.0,0.0,0.0,0.47,0.96,1.52,0.66,168.8,122.1,129.3,91.5,5.2,8.6,8.0,8.1,4.5,-0.7,-1.6,1.8,1,0,0,0,0,0,0,0,0,0,0,0,0,1,0,0,0,0,0,0,0,0,0,0,0,0,0,0,0,0,0,0,0,0,0,0,0,0,0,1,0,0,0,0,0,0,0,0,0,0,0,0,0,0,0,0,1,0,0,0,0,1,0,0,0,0,0,0,0,0,0,0,1,0,1,0,0,1,0,0,0,0,1,0
390,53,3,4,45,13,16,15,0.0,0.0,0.0,0.0,1.52,0.47,0.59,0.66,129.3,168.8,167.9,91.5,8.0,5.2,4.9,8.1,-1.6,4.5,3.8,1.8,0,0,0,0,1,0,0,0,0,0,0,0,0,0,0,0,0,0,1,0,0,0,0,0,0,0,0,0,0,0,0,0,1,0,0,0,0,0,0,0,0,0,0,0,0,0,0,0,0,0,0,0,1,0,0,0,0,0,0,0,0,1,0,0,0,0,0,0,0,0,0,1,0,0,0,1,0,0,1,0,0,0,1,0
391,54,3,4,16,45,16,15,0.0,0.0,0.0,0.0,0.59,1.52,0.59,0.66,167.9,129.3,167.9,91.5,4.9,8.0,4.9,8.1,3.8,-1.6,3.8,1.8,0,1,0,0,0,0,0,0,0,0,0,0,0,0,1,0,0,0,0,0,0,0,0,0,0,0,0,0,0,0,0,0,0,0,0,0,0,1,0,0,0,0,0,0,0,0,0,0,0,0,0,0,1,0,0,0,0,0,0,0,0,1,0,0,0,0,0,0,0,0,0,0,1,0,1,0,0,0,1,0,0,0,1,1
394,54,3,4,16,16,10,15,0.0,0.0,0.0,0.0,0.59,0.59,0.6,0.66,167.9,167.9,203.4,91.5,4.9,4.9,5.2,8.1,3.8,3.8,2.8,1.8,0,1,0,0,0,0,0,0,0,0,0,0,0,0,1,0,0,0,0,0,0,0,0,0,0,0,0,0,0,0,0,0,0,1,0,0,0,0,0,0,0,0,0,0,0,0,0,0,0,0,0,0,0,0,0,1,0,0,0,0,0,1,0,0,0,0,0,0,0,0,0,0,1,0,0,1,0,0,1,0,0,0,1,1
395,55,3,4,10,16,10,15,0.0,0.0,0.0,0.0,0.6,0.59,0.6,0.66,203.4,167.9,203.4,91.5,5.2,4.9,5.2,8.1,2.8,3.8,2.8,1.8,0,0,1,0,0,0,0,0,0,0,0,0,0,0,0,0,0,1,0,0,0,0,0,0,0,0,0,0,0,0,0,0,0,1,0,0,0,0,0,0,0,0,0,0,0,0,0,0,0,0,0,0,0,0,0,1,0,0,0,0,0,1,0,0,0,0,0,0,0,0,0,0,1,0,0,1,0,0,1,0,0,0,1,1
402,52,2,3,17,17,15,85,0.0,0.0,0.0,10.53,0.96,0.96,0.66,1.01,237.6,237.6,91.5,171.3,5.4,5.4,8.1,11.3,-0.9,-0.9,1.8,-3.9,1,0,0,0,0,0,0,0,0,0,0,0,0,0,0,0,0,0,0,0,0,1,0,0,0,0,0,0,0,0,0,0,0,0,0,0,0,0,0,0,1,0,0,1,0,0,0,0,0,0,0,0,0,0,0,0,0,0,0,0,0,0,0,0,0,0,1,0,0,0,0,0,1,0,0,1,0,0,0,1,1,0,0,1
403,53,2,3,15,17,10,85,0.0,0.0,0.0,10.53,0.66,0.96,1.56,1.01,91.5,237.6,66.4,171.3,8.1,5.4,9.0,11.3,1.8,-0.9,-0.4,-3.9,0,1,0,0,0,1,0,0,0,0,0,0,0,0,0,0,0,0,0,0,0,0,0,0,0,0,0,0,0,0,0,0,0,0,0,0,0,0,0,0,1,0,0,0,0,0,0,0,0,1,0,0,0,0,0,0,0,0,0,0,0,0,0,0,0,0,1,0,0,0,0,0,0,1,0,1,0,1,0,0,1,0,0,1
404,54,2,3,10,15,10,85,0.0,0.0,0.0,10.53,1.56,0.66,1.56,1.01,66.4,91.5,66.4,171.3,9.0,8.1,9.0,11.3,-0.4,1.8,-0.4,-3.9,0,0,1,0,0,0,0,0,0,0,0,1,0,0,0,0,0,0,0,0,0,0,0,0,1,0,0,0,0,0,0,0,0,0,0,0,0,0,0,0,0,0,0,0,0,0,0,0,0,1,0,0,0,0,0,0,0,0,0,0,0,0,0,0,0,0,1,0,0,0,0,1,0,0,0,0,1,1,0,0,1,0,0,1
413,56,4,4,17,13,41,67,0.0,0.0,10.07,12.48,0.96,0.47,1.14,0.95,237.6,168.8,203.6,202.0,5.4,5.2,6.2,10.5,-0.9,4.5,-1.3,-4.5,1,0,0,0,0,0,0,0,0,0,0,0,0,0,0,0,0,0,0,0,0,1,0,0,0,0,0,0,0,0,0,0,1,0,0,0,0,0,0,0,0,0,0,0,0,0,0,0,0,0,0,0,0,0,0,0,0,0,0,0,1,0,1,0,0,0,0,0,0,0,0,0,1,0,0,1,0,0,0,1,1,0,0,0
414,57,4,4,41,17,50,67,10.07,0.0,3.86,12.48,1.14,0.96,1.46,0.95,203.6,237.6,124.5,202.0,6.2,5.4,13.0,10.5,-1.3,-0.9,-3.5,-4.5,0,0,0,0,1,0,0,0,0,0,0,0,0,0,0,0,0,0,0,0,0,0,1,0,0,0,0,0,0,0,0,0,0,0,0,0,0,0,0,0,1,0,0,0,0,0,1,0,0,0,0,0,0,0,0,0,0,0,0,0,0,0,1,0,0,0,0,0,0,0,0,0,0,1,0,1,0,1,0,0,1,0,0,0
415,58,4,4,50,41,10,67,3.86,10.07,0.0,12.48,1.46,1.14,1.56,0.95,124.5,203.6,66.4,202.0,13.0,6.2,9.0,10.5,-3.5,-1.3,-0.4,-4.5,0,1,0,0,0,0,0,0,1,0,0,0,0,0,0,0,0,0,0,0,0,0,0,0,0,0,0,0,0,0,0,0,0,0,0,0,0,0,0,0,0,1,0,0,0,0,0,0,0,1,0,0,0,0,0,0,0,0,0,0,0,0,1,0,0,0,0,0,0,0,0,1,0,0,0,0,1,1,0,0,1,0,0,0
416,59,4,4,10,50,32,67,0.0,3.86,0.0,12.48,1.56,1.46,1.43,0.95,66.4,124.5,99.1,202.0,9.0,13.0,9.2,10.5,-0.4,-3.5,-0.8,-4.5,0,0,1,0,0,0,0,0,0,0,0,1,0,0,0,0,0,0,0,0,0,0,0,0,0,0,0,1,0,0,0,0,0,0,0,0,0,0,0,0,0,0,0,0,0,0,0,0,0,0,0,0,0,0,0,0,0,1,0,0,0,0,1,0,0,0,0,0,0,0,0,1,0,0,1,0,0,1,0,0,1,0,0,0
417,52,0,3,41,10,32,20,10.07,0.0,0.0,0.0,1.14,0.6,1.43,0.6,203.6,203.4,99.1,170.8,6.2,5.2,9.2,5.7,-1.3,2.8,-0.8,1.9,1,0,0,0,0,0,0,0,0,0,0,0,0,0,0,0,0,0,0,0,0,0,1,0,0,0,0,0,0,0,0,0,0,0,0,0,1,0,0,0,0,0,0,0,0,0,0,0,0,0,0,0,0,0,0,0,0,1,0,0,0,0,0,0,0,0,0,1,0,0,0,0,0,1,0,1,0,1,0,0,0,1,0,1
418,53,0,3,32,41,10,20,0.0,10.07,0.0,0.0,1.43,1.14,1.56,0.6,99.1,203.6,66.4,170.8,9.2,6.2,9.0,5.7,-0.8,-1.3,-0.4,1.9,0,1,0,0,0,0,0,0,0,0,0,0,0,0,0,0,0,0,0,1,0,0,0,0,0,0,0,0,0,0,0,0,0,0,0,0,0,0,0,0,0,1,0,0,0,0,0,0,0,1,0,0,0,0,0,0,0,0,0,0,0,0,0,0,0,0,0,1,0,0,0,1,0,0,0,0,1,1,0,0,0,1,0,0
419,54,0,3,10,32,10,20,0.0,0.0,0.0,0.0,1.56,1.43,1.56,0.6,66.4,99.1,66.4,170.8,9.0,9.2,9.0,5.7,-0.4,-0.8,-0.4,1.9,0,0,1,0,0,0,0,0,0,0,0,1,0,0,0,0,0,0,0,0,0,0,0,0,0,0,0,0,0,0,0,0,0,0,0,0,0,0,1,0,0,0,0,0,0,0,0,0,0,1,0,0,0,0,0,0,0,0,0,0,0,0,0,0,0,0,0,1,0,0,0,1,0,0,1,0,0,1,0,0,0,1,0,1
420,54,0,3,10,10,10,20,0.0,0.0,0.0,0.0,1.56,1.56,1.56,0.6,66.4,66.4,66.4,170.8,9.0,9.0,9.0,5.7,-0.4,-0.4,-0.4,1.9,0,0,1,0,0,0,0,0,0,0,0,1,0,0,0,0,0,0,0,0,0,0,0,0,0,0,0,0,0,0,1,0,0,0,0,0,0,0,0,0,0,0,0,0,0,0,0,0,0,1,0,0,0,0,0,0,0,0,0,0,0,0,0,0,0,0,0,1,0,0,0,1,0,0,1,0,0,1,0,0,0,1,0,1
423,54,3,4,13,45,10,15,0.0,0.0,0.0,0.0,0.47,1.52,0.6,0.66,168.8,129.3,203.4,91.5,5.2,8.0,5.2,8.1,4.5,-1.6,2.8,1.8,0,1,0,0,0,0,0,0,0,0,0,0,0,1,0,0,0,0,0,0,0,0,0,0,0,0,0,0,0,0,0,0,0,0,0,0,0,1,0,0,0,0,0,0,0,0,0,0,0,0,0,0,0,0,0,1,0,0,0,0,0,1,0,0,0,0,0,0,0,0,0,0,1,0,1,0,0,0,1,0,0,0,1,1
426,52,4,4,32,13,67,67,0.0,0.0,12.48,12.48,1.43,0.47,0.95,0.95,99.1,168.8,202.0,202.0,9.2,5.2,10.5,10.5,-0.8,4.5,-4.5,-4.5,1,0,0,0,0,0,0,0,0,0,0,0,0,0,0,0,0,0,0,1,0,0,0,0,0,0,0,0,0,0,0,0,1,0,0,0,0,0,0,0,0,0,0,0,1,0,0,0,0,0,0,0,0,0,0,0,0,0,0,0,0,0,1,0,0,0,0,0,0,0,0,1,0,0,0,1,0,1,0,0,1,0,0,1
431,53,4,4,67,67,32,67,12.48,12.48,0.0,12.48,0.95,0.95,1.43,0.95,202.0,202.0,99.1,202.0,10.5,10.5,9.2,10.5,-4.5,-4.5,-0.8,-4.5,0,0,0,0,1,0,1,0,0,0,0,0,0,0,0,0,0,0,0,0,0,0,0,0,0,1,0,0,0,0,0,0,0,0,0,0,0,0,0,0,0,0,0,0,0,0,0,0,0,0,0,0,0,0,0,0,0,1,0,0,0,0,1,0,0,0,0,0,0,0,0,1,0,0,1,0,0,1,0,0,1,0,0,1
432,54,4,4,32,67,10,67,0.0,12.48,0.0,12.48,1.43,0.95,1.56,0.95,99.1,202.0,66.4,202.0,9.2,10.5,9.0,10.5,-0.8,-4.5,-0.4,-4.5,0,1,0,0,0,0,0,0,0,0,0,0,0,0,0,0,0,0,0,1,0,0,0,0,0,1,0,0,0,0,0,0,0,0,0,0,0,0,0,0,0,0,0,0,0,0,0,0,0,1,0,0,0,0,0,0,0,0,0,0,0,0,1,0,0,0,0,0,0,0,0,1,0,0,1,0,0,1,0,0,1,0,0,1
434,52,3,4,50,13,50,15,3.86,0.0,3.86,0.0,1.46,0.47,1.46,0.66,124.5,168.8,124.5,91.5,13.0,5.2,13.0,8.1,-3.5,4.5,-3.5,1.8,1,0,0,0,0,0,0,0,1,0,0,0,0,0,0,0,0,0,0,0,0,0,0,0,0,0,0,0,0,0,0,0,1,0,0,0,0,0,0,0,0,0,0,0,0,0,1,0,0,0,0,0,0,0,0,0,0,0,0,0,0,1,0,0,0,0,0,0,0,0,0,1,0,0,0,1,0,1,0,0,0,0,1,1
435,52,3,4,50,50,45,15,3.86,3.86,0.0,0.0,1.46,1.46,1.52,0.66,124.5,124.5,129.3,91.5,13.0,13.0,8.0,8.1,-3.5,-3.5,-1.6,1.8,1,0,0,0,0,0,0,0,1,0,0,0,0,0,0,0,0,0,0,0,0,0,0,0,0,0,0,1,0,0,0,0,0,0,0,0,0,0,0,0,0,0,0,0,0,0,0,0,0,0,0,0,0,0,0,0,1,0,0,0,0,1,0,0,0,0,0,0,0,0,0,1,0,0,1,0,0,1,0,0,0,0,1,1
436,53,3,4,45,50,55,15,0.0,3.86,0.0,0.0,1.52,1.46,0.74,0.66,129.3,124.5,155.1,91.5,8.0,13.0,12.3,8.1,-1.6,-3.5,-3.5,1.8,0,0,0,0,1,0,0,0,0,0,0,0,0,0,0,0,0,0,1,0,0,0,0,0,0,0,0,1,0,0,0,0,0,0,0,0,0,0,0,0,0,0,0,0,0,0,0,0,1,0,0,0,0,0,0,0,0,0,0,0,0,1,0,0,0,0,0,0,0,0,0,1,0,0,1,0,0,1,0,0,0,0,1,0
437,54,3,4,55,45,50,15,0.0,0.0,3.86,0.0,0.74,1.52,1.46,0.66,155.1,129.3,124.5,91.5,12.3,8.0,13.0,8.1,-3.5,-1.6,-3.5,1.8,0,1,0,0,0,0,0,0,0,0,1,0,0,0,0,0,0,0,0,0,0,0,0,0,0,0,0,0,0,0,0,0,0,0,0,0,0,1,0,0,0,0,0,0,0,0,1,0,0,0,0,0,0,0,0,0,0,0,0,0,0,1,0,0,0,0,0,0,0,0,0,1,0,0,1,0,0,1,0,0,0,0,1,1
438,55,3,4,50,55,15,15,3.86,0.0,0.0,0.0,1.46,0.74,0.66,0.66,124.5,155.1,91.5,91.5,13.0,12.3,8.1,8.1,-3.5,-3.5,1.8,1.8,0,0,1,0,0,0,0,0,1,0,0,0,0,0,0,0,0,0,0,0,0,0,0,0,0,0,0,0,0,1,0,0,0,0,0,0,0,0,0,0,0,0,0,1,0,0,0,0,0,0,0,0,0,0,0,0,0,0,0,0,0,1,0,0,0,0,0,0,0,0,0,1,0,0,1,0,0,0,0,1,0,0,1,1
439,51,4,4,67,13,67,67,12.48,0.0,12.48,12.48,0.95,0.47,0.95,0.95,202.0,168.8,202.0,202.0,10.5,5.2,10.5,10.5,-4.5,4.5,-4.5,-4.5,1,0,0,0,0,0,1,0,0,0,0,0,0,0,0,0,0,0,0,0,0,0,0,0,0,0,0,0,0,0,0,0,1,0,0,0,0,0,0,0,0,0,0,0,1,0,0,0,0,0,0,0,0,0,0,0,0,0,0,0,0,0,1,0,0,0,0,0,0,0,0,1,0,0,0,1,0,1,0,0,1,0,0,1
442,51,4,4,67,67,32,67,12.48,12.48,0.0,12.48,0.95,0.95,1.43,0.95,202.0,202.0,99.1,202.0,10.5,10.5,9.2,10.5,-4.5,-4.5,-0.8,-4.5,1,0,0,0,0,0,1,0,0,0,0,0,0,0,0,0,0,0,0,0,0,0,0,0,0,1,0,0,0,0,0,0,0,0,0,0,0,0,0,0,0,0,0,0,0,0,0,0,0,0,0,0,0,0,0,0,0,1,0,0,0,0,1,0,0,0,0,0,0,0,0,1,0,0,1,0,0,1,0,0,1,0,0,1
443,52,4,4,32,67,10,67,0.0,12.48,0.0,12.48,1.43,0.95,1.56,0.95,99.1,202.0,66.4,202.0,9.2,10.5,9.0,10.5,-0.8,-4.5,-0.4,-4.5,0,0,0,0,1,0,0,0,0,0,0,0,0,0,0,0,0,0,0,1,0,0,0,0,0,1,0,0,0,0,0,0,0,0,0,0,0,0,0,0,0,0,0,0,0,0,0,0,0,1,0,0,0,0,0,0,0,0,0,0,0,0,1,0,0,0,0,0,0,0,0,1,0,0,1,0,0,1,0,0,1,0,0,0
444,53,4,4,10,32,10,67,0.0,0.0,0.0,12.48,1.56,1.43,1.56,0.95,66.4,99.1,66.4,202.0,9.0,9.2,9.0,10.5,-0.4,-0.8,-0.4,-4.5,0,1,0,0,0,0,0,0,0,0,0,1,0,0,0,0,0,0,0,0,0,0,0,0,0,0,0,0,0,0,0,0,0,0,0,0,0,0,1,0,0,0,0,0,0,0,0,0,0,1,0,0,0,0,0,0,0,0,0,0,0,0,1,0,0,0,0,0,0,0,0,1,0,0,1,0,0,1,0,0,1,0,0,0
445,54,4,4,10,10,10,67,0.0,0.0,0.0,12.48,1.56,1.56,1.56,0.95,66.4,66.4,66.4,202.0,9.0,9.0,9.0,10.5,-0.4,-0.4,-0.4,-4.5,0,0,1,0,0,0,0,0,0,0,0,1,0,0,0,0,0,0,0,0,0,0,0,0,0,0,0,0,0,0,1,0,0,0,0,0,0,0,0,0,0,0,0,0,0,0,0,0,0,1,0,0,0,0,0,0,0,0,0,0,0,0,1,0,0,0,0,0,0,0,0,1,0,0,1,0,0,1,0,0,1,0,0,0
454,52,4,4,85,13,85,67,10.53,0.0,10.53,12.48,1.01,0.47,1.01,0.95,171.3,168.8,171.3,202.0,11.3,5.2,11.3,10.5,-3.9,4.5,-3.9,-4.5,1,0,0,0,0,0,0,0,0,0,0,0,0,0,0,1,0,0,0,0,0,0,0,0,0,0,0,0,0,0,0,0,1,0,0,0,0,0,0,0,0,0,0,0,0,0,0,0,0,0,0,0,0,1,0,0,0,0,0,0,0,0,1,0,0,0,0,0,0,0,0,1,0,0,0,1,0,1,0,0,1,0,0,1
455,52,4,4,85,85,45,67,10.53,10.53,0.0,12.48,1.01,1.01,1.52,0.95,171.3,171.3,129.3,202.0,11.3,11.3,8.0,10.5,-3.9,-3.9,-1.6,-4.5,1,0,0,0,0,0,0,0,0,0,0,0,0,0,0,1,0,0,0,0,0,0,0,0,0,0,0,0,0,0,0,0,0,0,1,0,0,0,0,0,0,0,0,0,0,0,0,0,0,0,0,0,0,0,0,0,1,0,0,0,0,0,1,0,0,0,0,0,0,0,0,1,0,0,1,0,0,1,0,0,1,0,0,1
456,53,4,4,45,85,55,67,0.0,10.53,0.0,12.48,1.52,1.01,0.74,0.95,129.3,171.3,155.1,202.0,8.0,11.3,12.3,10.5,-1.6,-3.9,-3.5,-4.5,0,0,0,0,1,0,0,0,0,0,0,0,0,0,0,0,0,0,1,0,0,0,0,0,0,0,0,0,0,0,0,0,0,0,1,0,0,0,0,0,0,0,0,0,0,0,0,0,1,0,0,0,0,0,0,0,0,0,0,0,0,0,1,0,0,0,0,0,0,0,0,1,0,0,1,0,0,1,0,0,1,0,0,0
457,54,4,4,55,45,67,67,0.0,0.0,12.48,12.48,0.74,1.52,0.95,0.95,155.1,129.3,202.0,202.0,12.3,8.0,10.5,10.5,-3.5,-1.6,-4.5,-4.5,0,1,0,0,0,0,0,0,0,0,1,0,0,0,0,0,0,0,0,0,0,0,0,0,0,0,0,0,0,0,0,0,0,0,0,0,0,1,0,0,0,0,0,0,1,0,0,0,0,0,0,0,0,0,0,0,0,0,0,0,0,0,1,0,0,0,0,0,0,0,0,1,0,0,1,0,0,1,0,0,1,0,0,0
458,55,4,4,67,55,67,67,12.48,0.0,12.48,12.48,0.95,0.74,0.95,0.95,202.0,155.1,202.0,202.0,10.5,12.3,10.5,10.5,-4.5,-3.5,-4.5,-4.5,0,0,1,0,0,0,1,0,0,0,0,0,0,0,0,0,0,0,0,0,0,0,0,0,0,0,0,0,0,1,0,0,0,0,0,0,0,0,0,0,0,0,0,0,1,0,0,0,0,0,0,0,0,0,0,0,0,0,0,0,0,0,1,0,0,0,0,0,0,0,0,1,0,0,1,0,0,1,0,0,1,0,0,1
466,55,4,4,67,67,10,67,12.48,12.48,0.0,12.48,0.95,0.95,1.56,0.95,202.0,202.0,66.4,202.0,10.5,10.5,9.0,10.5,-4.5,-4.5,-0.4,-4.5,0,0,1,0,0,0,1,0,0,0,0,0,0,0,0,0,0,0,0,0,0,0,0,0,0,1,0,0,0,0,0,0,0,0,0,0,0,0,0,0,0,0,0,0,0,0,0,0,0,1,0,0,0,0,0,0,0,0,0,0,0,0,1,0,0,0,0,0,0,0,0,1,0,0,1,0,0,1,0,0,1,0,0,1
481,53,0,4,14,14,45,50,0.0,0.0,0.0,3.86,0.5,0.5,1.52,1.46,141.7,141.7,129.3,124.5,5.9,5.9,8.0,13.0,4.2,4.2,-1.6,-3.5,1,0,0,0,0,0,0,0,0,0,0,0,0,0,0,0,0,0,0,0,0,0,0,1,0,0,0,0,0,0,0,0,0,0,0,0,0,0,0,0,0,0,1,0,0,0,0,0,0,0,0,0,0,0,0,0,1,0,0,0,0,0,0,1,0,0,0,0,0,0,0,0,1,0,0,1,0,1,0,0,1,0,0,0
482,54,0,4,45,14,16,50,0.0,0.0,0.0,3.86,1.52,0.5,0.59,1.46,129.3,141.7,167.9,124.5,8.0,5.9,4.9,13.0,-1.6,4.2,3.8,-3.5,0,0,0,0,1,0,0,0,0,0,0,0,0,0,0,0,0,0,1,0,0,0,0,0,0,0,0,0,0,0,0,0,0,0,0,0,0,0,0,0,0,0,1,0,0,0,0,0,0,0,0,0,1,0,0,0,0,0,0,0,0,0,0,1,0,0,0,0,0,0,0,1,0,0,0,1,0,0,1,0,1,0,0,0
483,55,0,4,16,45,10,50,0.0,0.0,0.0,3.86,0.59,1.52,0.6,1.46,167.9,129.3,203.4,124.5,4.9,8.0,5.2,13.0,3.8,-1.6,2.8,-3.5,0,1,0,0,0,0,0,0,0,0,0,0,0,0,1,0,0,0,0,0,0,0,0,0,0,0,0,0,0,0,0,0,0,0,0,0,0,1,0,0,0,0,0,0,0,0,0,0,0,0,0,0,0,0,0,1,0,0,0,0,0,0,0,1,0,0,0,0,0,0,0,0,1,0,1,0,0,0,1,0,1,0,0,1
484,56,0,4,10,16,10,50,0.0,0.0,0.0,3.86,0.6,0.59,0.6,1.46,203.4,167.9,203.4,124.5,5.2,4.9,5.2,13.0,2.8,3.8,2.8,-3.5,0,0,1,0,0,0,0,0,0,0,0,0,0,0,0,0,0,1,0,0,0,0,0,0,0,0,0,0,0,0,0,0,0,1,0,0,0,0,0,0,0,0,0,0,0,0,0,0,0,0,0,0,0,0,0,1,0,0,0,0,0,0,0,1,0,0,0,0,0,0,0,0,1,0,0,1,0,0,1,0,1,0,0,1
485,56,0,4,10,10,10,50,0.0,0.0,0.0,3.86,0.6,0.6,0.6,1.46,203.4,203.4,203.4,124.5,5.2,5.2,5.2,13.0,2.8,2.8,2.8,-3.5,0,0,1,0,0,0,0,0,0,0,0,0,0,0,0,0,0,1,0,0,0,0,0,0,0,0,0,0,0,0,0,0,0,0,0,0,1,0,0,0,0,0,0,0,0,0,0,0,0,0,0,0,0,0,0,1,0,0,0,0,0,0,0,1,0,0,0,0,0,0,0,0,1,0,0,1,0,0,1,0,1,0,0,1
486,56,0,4,10,10,10,50,0.0,0.0,0.0,3.86,0.6,0.6,1.56,1.46,203.4,203.4,66.4,124.5,5.2,5.2,9.0,13.0,2.8,2.8,-0.4,-3.5,0,0,1,0,0,0,0,0,0,0,0,0,0,0,0,0,0,1,0,0,0,0,0,0,0,0,0,0,0,0,0,0,0,0,0,0,1,0,0,0,0,0,0,0,0,0,0,0,0,1,0,0,0,0,0,0,0,0,0,0,0,0,0,1,0,0,0,0,0,0,0,0,1,0,0,1,0,1,0,0,1,0,0,1
487,52,0,4,49,49,49,32,0.0,0.0,0.0,0.0,1.56,1.56,1.56,1.43,135.2,135.2,135.2,99.1,11.6,11.6,11.6,9.2,-3.5,-3.5,-3.5,-0.8,1,0,0,0,0,0,0,1,0,0,0,0,0,0,0,0,0,0,0,0,0,0,0,0,0,0,1,0,0,0,0,0,0,0,0,0,0,0,0,0,0,0,0,0,0,1,0,0,0,0,0,0,0,0,0,0,0,0,0,0,0,0,0,0,0,0,0,0,1,0,0,1,0,0,1,0,0,1,0,0,1,0,0,1
488,52,0,4,49,49,45,32,0.0,0.0,0.0,0.0,1.56,1.56,1.52,1.43,135.2,135.2,129.3,99.1,11.6,11.6,8.0,9.2,-3.5,-3.5,-1.6,-0.8,1,0,0,0,0,0,0,1,0,0,0,0,0,0,0,0,0,0,0,0,0,0,0,0,0,0,1,0,0,0,0,0,0,0,0,0,0,0,0,0,0,0,0,0,0,0,0,0,0,0,0,0,0,0,0,0,1,0,0,0,0,0,0,0,0,0,0,0,1,0,0,1,0,0,1,0,0,1,0,0,1,0,0,1
489,53,0,4,45,49,41,32,0.0,0.0,10.07,0.0,1.52,1.56,1.14,1.43,129.3,135.2,203.6,99.1,8.0,11.6,6.2,9.2,-1.6,-3.5,-1.3,-0.8,0,0,0,0,1,0,0,0,0,0,0,0,0,0,0,0,0,0,1,0,0,0,0,0,0,0,1,0,0,0,0,0,0,0,0,0,0,0,0,0,0,0,0,0,0,0,0,0,0,0,0,0,0,0,0,0,0,0,0,0,1,0,0,0,0,0,0,0,1,0,0,1,0,0,1,0,0,0,0,1,1,0,0,0
490,54,0,4,41,45,49,32,10.07,0.0,0.0,0.0,1.14,1.52,1.56,1.43,203.6,129.3,135.2,99.1,6.2,8.0,11.6,9.2,-1.3,-1.6,-3.5,-0.8,0,1,0,0,0,0,0,0,0,0,0,0,0,0,0,0,0,0,0,0,0,0,1,0,0,0,0,0,0,0,0,0,0,0,0,0,0,1,0,0,0,0,0,0,0,1,0,0,0,0,0,0,0,0,0,0,0,0,0,0,0,0,0,0,0,0,0,0,1,0,0,0,0,1,1,0,0,1,0,0,1,0,0,0
491,55,0,4,49,41,49,32,0.0,10.07,0.0,0.0,1.56,1.14,1.56,1.43,135.2,203.6,135.2,99.1,11.6,6.2,11.6,9.2,-3.5,-1.3,-3.5,-0.8,0,0,1,0,0,0,0,1,0,0,0,0,0,0,0,0,0,0,0,0,0,0,0,0,0,0,0,0,0,0,0,0,0,0,0,0,0,0,0,0,0,1,0,0,0,1,0,0,0,0,0,0,0,0,0,0,0,0,0,0,0,0,0,0,0,0,0,0,1,0,0,1,0,0,0,0,1,1,0,0,1,0,0,1
492,55,0,4,49,49,49,32,0.0,0.0,0.0,0.0,1.56,1.56,1.56,1.43,135.2,135.2,135.2,99.1,11.6,11.6,11.6,9.2,-3.5,-3.5,-3.5,-0.8,0,0,1,0,0,0,0,1,0,0,0,0,0,0,0,0,0,0,0,0,0,0,0,0,0,0,1,0,0,0,0,0,0,0,0,0,0,0,0,0,0,0,0,0,0,1,0,0,0,0,0,0,0,0,0,0,0,0,0,0,0,0,0,0,0,0,0,0,1,0,0,1,0,0,1,0,0,1,0,0,1,0,0,1
493,55,0,4,49,49,15,32,0.0,0.0,0.0,0.0,1.56,1.56,0.66,1.43,135.2,135.2,91.5,99.1,11.6,11.6,8.1,9.2,-3.5,-3.5,1.8,-0.8,0,0,1,0,0,0,0,1,0,0,0,0,0,0,0,0,0,0,0,0,0,0,0,0,0,0,1,0,0,0,0,0,0,0,0,0,0,0,0,0,0,0,0,1,0,0,0,0,0,0,0,0,0,0,0,0,0,0,0,0,0,0,0,0,0,0,0,0,1,0,0,1,0,0,1,0,0,0,0,1,1,0,0,1
494,55,3,4,41,13,41,15,10.07,0.0,10.07,0.0,1.14,0.47,1.14,0.66,203.6,168.8,203.6,91.5,6.2,5.2,6.2,8.1,-1.3,4.5,-1.3,1.8,1,0,0,0,0,0,0,0,0,0,0,0,0,0,0,0,0,0,0,0,0,0,1,0,0,0,0,0,0,0,0,0,1,0,0,0,0,0,0,0,0,0,0,0,0,0,0,0,0,0,0,0,0,0,0,0,0,0,0,0,1,1,0,0,0,0,0,0,0,0,0,0,0,1,0,1,0,0,0,1,0,0,1,1
495,55,3,4,41,41,32,15,10.07,10.07,0.0,0.0,1.14,1.14,1.43,0.66,203.6,203.6,99.1,91.5,6.2,6.2,9.2,8.1,-1.3,-1.3,-0.8,1.8,1,0,0,0,0,0,0,0,0,0,0,0,0,0,0,0,0,0,0,0,0,0,1,0,0,0,0,0,0,0,0,0,0,0,0,0,0,0,0,0,0,1,0,0,0,0,0,0,0,0,0,0,0,0,0,0,0,1,0,0,0,1,0,0,0,0,0,0,0,0,0,0,0,1,0,0,1,1,0,0,0,0,1,1
496,56,3,4,32,41,41,15,0.0,10.07,10.07,0.0,1.43,1.14,1.14,0.66,99.1,203.6,203.6,91.5,9.2,6.2,6.2,8.1,-0.8,-1.3,-1.3,1.8,0,0,0,0,1,0,0,0,0,0,0,0,0,0,0,0,0,0,0,1,0,0,0,0,0,0,0,0,0,0,0,0,0,0,0,0,0,0,0,0,0,1,0,0,0,0,0,0,0,0,0,0,0,0,0,0,0,0,0,0,1,1,0,0,0,0,0,0,0,0,0,1,0,0,0,0,1,0,0,1,0,0,1,0
497,57,3,4,41,32,32,15,10.07,0.0,0.0,0.0,1.14,1.43,1.43,0.66,203.6,99.1,99.1,91.5,6.2,9.2,9.2,8.1,-1.3,-0.8,-0.8,1.8,0,1,0,0,0,0,0,0,0,0,0,0,0,0,0,0,0,0,0,0,0,0,1,0,0,0,0,0,0,0,0,0,0,0,0,0,0,0,1,0,0,0,0,0,0,0,0,0,0,0,0,0,0,0,0,0,0,1,0,0,0,1,0,0,0,0,0,0,0,0,0,0,0,1,1,0,0,1,0,0,0,0,1,1
498,58,3,4,32,41,10,15,0.0,10.07,0.0,0.0,1.43,1.14,1.56,0.66,99.1,203.6,66.4,91.5,9.2,6.2,9.0,8.1,-0.8,-1.3,-0.4,1.8,0,0,1,0,0,0,0,0,0,0,0,0,0,0,0,0,0,0,0,1,0,0,0,0,0,0,0,0,0,0,0,0,0,0,0,0,0,0,0,0,0,1,0,0,0,0,0,0,0,1,0,0,0,0,0,0,0,0,0,0,0,1,0,0,0,0,0,0,0,0,0,1,0,0,0,0,1,1,0,0,0,0,1,1
499,59,0,3,34,13,17,13,6.1,0.0,0.0,0.0,0.95,0.47,0.96,0.47,167.3,168.8,237.6,168.8,10.4,5.2,5.4,5.2,-3.2,4.5,-0.9,4.5,1,0,0,0,0,0,0,0,0,0,0,0,1,0,0,0,0,0,0,0,0,0,0,0,0,0,0,0,0,0,0,0,1,0,0,0,0,0,0,0,0,0,0,0,0,0,0,0,0,0,0,0,0,0,0,0,0,0,0,1,0,0,0,0,0,1,0,0,0,0,0,0,0,1,0,1,0,0,1,0,0,1,0,0
500,60,0,3,17,34,67,13,0.0,6.1,12.48,0.0,0.96,0.95,0.95,0.47,237.6,167.3,202.0,168.8,5.4,10.4,10.5,5.2,-0.9,-3.2,-4.5,4.5,0,1,0,0,0,0,0,0,0,0,0,0,0,0,0,0,0,0,0,0,0,1,0,0,0,0,0,0,0,0,0,1,0,0,0,0,0,0,0,0,0,0,0,0,1,0,0,0,0,0,0,0,0,0,0,0,0,0,0,0,0,0,0,0,0,1,0,0,0,0,0,0,1,0,0,0,1,1,0,0,0,1,0,0
501,61,0,3,67,17,10,13,12.48,0.0,0.0,0.0,0.95,0.96,1.56,0.47,202.0,237.6,66.4,168.8,10.5,5.4,9.0,5.2,-4.5,-0.9,-0.4,4.5,0,0,1,0,0,0,1,0,0,0,0,0,0,0,0,0,0,0,0,0,0,0,0,0,0,0,0,0,0,0,0,0,0,0,0,0,0,0,0,0,1,0,0,0,0,0,0,0,0,1,0,0,0,0,0,0,0,0,0,0,0,0,0,0,0,1,0,0,0,0,0,1,0,0,0,1,0,1,0,0,0,1,0,0
502,52,3,4,32,13,45,15,0.0,0.0,0.0,0.0,1.43,0.47,1.52,0.66,99.1,168.8,129.3,91.5,9.2,5.2,8.0,8.1,-0.8,4.5,-1.6,1.8,1,0,0,0,0,0,0,0,0,0,0,0,0,0,0,0,0,0,0,1,0,0,0,0,0,0,0,0,0,0,0,0,1,0,0,0,0,0,0,0,0,0,0,0,0,0,0,0,0,0,0,0,0,0,0,0,1,0,0,0,0,1,0,0,0,0,0,0,0,0,0,1,0,0,0,1,0,1,0,0,0,0,1,0
503,53,3,4,45,32,13,15,0.0,0.0,0.0,0.0,1.52,1.43,0.47,0.66,129.3,99.1,168.8,91.5,8.0,9.2,5.2,8.1,-1.6,-0.8,4.5,1.8,0,0,0,0,1,0,0,0,0,0,0,0,0,0,0,0,0,0,1,0,0,0,0,0,0,0,0,0,0,0,0,0,0,0,0,0,0,0,1,0,0,0,0,0,0,0,0,0,0,0,0,1,0,0,0,0,0,0,0,0,0,1,0,0,0,0,0,0,0,0,0,1,0,0,1,0,0,0,1,0,0,0,1,0
504,54,3,4,13,45,10,15,0.0,0.0,0.0,0.0,0.47,1.52,0.6,0.66,168.8,129.3,203.4,91.5,5.2,8.0,5.2,8.1,4.5,-1.6,2.8,1.8,0,1,0,0,0,0,0,0,0,0,0,0,0,1,0,0,0,0,0,0,0,0,0,0,0,0,0,0,0,0,0,0,0,0,0,0,0,1,0,0,0,0,0,0,0,0,0,0,0,0,0,0,0,0,0,1,0,0,0,0,0,1,0,0,0,0,0,0,0,0,0,0,1,0,1,0,0,0,1,0,0,0,1,0
505,55,3,4,10,13,10,15,0.0,0.0,0.0,0.0,0.6,0.47,1.56,0.66,203.4,168.8,66.4,91.5,5.2,5.2,9.0,8.1,2.8,4.5,-0.4,1.8,0,0,1,0,0,0,0,0,0,0,0,0,0,0,0,0,0,1,0,0,0,0,0,0,0,0,0,0,0,0,0,0,1,0,0,0,0,0,0,0,0,0,0,0,0,0,0,0,0,1,0,0,0,0,0,0,0,0,0,0,0,1,0,0,0,0,0,0,0,0,0,0,1,0,0,1,0,1,0,0,0,0,1,0
506,52,4,4,10,13,45,67,0.0,0.0,0.0,12.48,1.56,0.47,1.52,0.95,66.4,168.8,129.3,202.0,9.0,5.2,8.0,10.5,-0.4,4.5,-1.6,-4.5,1,0,0,0,0,0,0,0,0,0,0,1,0,0,0,0,0,0,0,0,0,0,0,0,0,0,0,0,0,0,0,0,1,0,0,0,0,0,0,0,0,0,0,0,0,0,0,0,0,0,0,0,0,0,0,0,1,0,0,0,0,0,1,0,0,0,0,0,0,0,0,1,0,0,0,1,0,1,0,0,1,0,0,1
507,53,4,4,45,10,45,67,0.0,0.0,0.0,12.48,1.52,1.56,1.52,0.95,129.3,66.4,129.3,202.0,8.0,9.0,8.0,10.5,-1.6,-0.4,-1.6,-4.5,0,0,0,0,1,0,0,0,0,0,0,0,0,0,0,0,0,0,1,0,0,0,0,0,0,0,0,0,0,0,1,0,0,0,0,0,0,0,0,0,0,0,0,0,0,0,0,0,0,0,0,0,0,0,0,0,1,0,0,0,0,0,1,0,0,0,0,0,0,0,0,1,0,0,1,0,0,1,0,0,1,0,0,1
508,53,4,4,45,45,32,67,0.0,0.0,0.0,12.48,1.52,1.52,1.43,0.95,129.3,129.3,99.1,202.0,8.0,8.0,9.2,10.5,-1.6,-1.6,-0.8,-4.5,0,0,0,0,1,0,0,0,0,0,0,0,0,0,0,0,0,0,1,0,0,0,0,0,0,0,0,0,0,0,0,0,0,0,0,0,0,1,0,0,0,0,0,0,0,0,0,0,0,0,0,0,0,0,0,0,0,1,0,0,0,0,1,0,0,0,0,0,0,0,0,1,0,0,1,0,0,1,0,0,1,0,0,1
509,54,4,4,32,45,10,67,0.0,0.0,0.0,12.48,1.43,1.52,1.56,0.95,99.1,129.3,66.4,202.0,9.2,8.0,9.0,10.5,-0.8,-1.6,-0.4,-4.5,0,1,0,0,0,0,0,0,0,0,0,0,0,0,0,0,0,0,0,1,0,0,0,0,0,0,0,0,0,0,0,0,0,0,0,0,0,1,0,0,0,0,0,0,0,0,0,0,0,1,0,0,0,0,0,0,0,0,0,0,0,0,1,0,0,0,0,0,0,0,0,1,0,0,1,0,0,1,0,0,1,0,0,0
511,52,4,4,49,13,45,67,0.0,0.0,0.0,12.48,1.56,0.47,1.52,0.95,135.2,168.8,129.3,202.0,11.6,5.2,8.0,10.5,-3.5,4.5,-1.6,-4.5,1,0,0,0,0,0,0,1,0,0,0,0,0,0,0,0,0,0,0,0,0,0,0,0,0,0,0,0,0,0,0,0,1,0,0,0,0,0,0,0,0,0,0,0,0,0,0,0,0,0,0,0,0,0,0,0,1,0,0,0,0,0,1,0,0,0,0,0,0,0,0,1,0,0,0,1,0,1,0,0,1,0,0,0
512,53,4,4,45,49,56,67,0.0,0.0,4.07,12.48,1.52,1.56,0.98,0.95,129.3,135.2,161.1,202.0,8.0,11.6,10.5,10.5,-1.6,-3.5,-3.5,-4.5,0,0,0,0,1,0,0,0,0,0,0,0,0,0,0,0,0,0,1,0,0,0,0,0,0,0,1,0,0,0,0,0,0,0,0,0,0,0,0,0,0,0,0,0,0,0,0,1,0,0,0,0,0,0,0,0,0,0,0,0,0,0,1,0,0,0,0,0,0,0,0,1,0,0,1,0,0,1,0,0,1,0,0,0
513,54,4,4,56,45,32,67,4.07,0.0,0.0,12.48,0.98,1.52,1.43,0.95,161.1,129.3,99.1,202.0,10.5,8.0,9.2,10.5,-3.5,-1.6,-0.8,-4.5,0,1,0,0,0,0,0,0,0,1,0,0,0,0,0,0,0,0,0,0,0,0,0,0,0,0,0,0,0,0,0,0,0,0,0,0,0,1,0,0,0,0,0,0,0,0,0,0,0,0,0,0,0,0,0,0,0,1,0,0,0,0,1,0,0,0,0,0,0,0,0,1,0,0,1,0,0,1,0,0,1,0,0,0
514,55,4,4,32,56,10,67,0.0,4.07,0.0,12.48,1.43,0.98,1.56,0.95,99.1,161.1,66.4,202.0,9.2,10.5,9.0,10.5,-0.8,-3.5,-0.4,-4.5,0,0,1,0,0,0,0,0,0,0,0,0,0,0,0,0,0,0,0,1,0,0,0,0,0,0,0,0,1,0,0,0,0,0,0,0,0,0,0,0,0,0,0,0,0,0,0,0,0,1,0,0,0,0,0,0,0,0,0,0,0,0,1,0,0,0,0,0,0,0,0,1,0,0,1,0,0,1,0,0,1,0,0,0
515,52,4,4,49,13,49,67,0.0,0.0,0.0,12.48,1.56,0.47,1.56,0.95,135.2,168.8,135.2,202.0,11.6,5.2,11.6,10.5,-3.5,4.5,-3.5,-4.5,1,0,0,0,0,0,0,1,0,0,0,0,0,0,0,0,0,0,0,0,0,0,0,0,0,0,0,0,0,0,0,0,1,0,0,0,0,0,0,0,0,0,0,0,0,1,0,0,0,0,0,0,0,0,0,0,0,0,0,0,0,0,1,0,0,0,0,0,0,0,0,1,0,0,0,1,0,1,0,0,1,0,0,1
516,52,4,4,49,49,32,67,0.0,0.0,0.0,12.48,1.56,1.56,1.43,0.95,135.2,135.2,99.1,202.0,11.6,11.6,9.2,10.5,-3.5,-3.5,-0.8,-4.5,1,0,0,0,0,0,0,1,0,0,0,0,0,0,0,0,0,0,0,0,0,0,0,0,0,0,1,0,0,0,0,0,0,0,0,0,0,0,0,0,0,0,0,0,0,0,0,0,0,0,0,0,0,0,0,0,0,1,0,0,0,0,1,0,0,0,0,0,0,0,0,1,0,0,1,0,0,1,0,0,1,0,0,1
517,53,4,4,32,49,32,67,0.0,0.0,0.0,12.48,1.43,1.56,1.43,0.95,99.1,135.2,99.1,202.0,9.2,11.6,9.2,10.5,-0.8,-3.5,-0.8,-4.5,0,0,0,0,1,0,0,0,0,0,0,0,0,0,0,0,0,0,0,1,0,0,0,0,0,0,1,0,0,0,0,0,0,0,0,0,0,0,0,0,0,0,0,0,0,0,0,0,0,0,0,0,0,0,0,0,0,1,0,0,0,0,1,0,0,0,0,0,0,0,0,1,0,0,1,0,0,1,0,0,1,0,0,1
518,53,4,4,32,32,56,67,0.0,0.0,4.07,12.48,1.43,1.43,0.98,0.95,99.1,99.1,161.1,202.0,9.2,9.2,10.5,10.5,-0.8,-0.8,-3.5,-4.5,0,0,0,0,1,0,0,0,0,0,0,0,0,0,0,0,0,0,0,1,0,0,0,0,0,0,0,0,0,0,0,0,0,0,0,0,0,0,1,0,0,0,0,0,0,0,0,1,0,0,0,0,0,0,0,0,0,0,0,0,0,0,1,0,0,0,0,0,0,0,0,1,0,0,1,0,0,1,0,0,1,0,0,1
519,54,4,4,56,32,56,67,4.07,0.0,4.07,12.48,0.98,1.43,0.98,0.95,161.1,99.1,161.1,202.0,10.5,9.2,10.5,10.5,-3.5,-0.8,-3.5,-4.5,0,1,0,0,0,0,0,0,0,1,0,0,0,0,0,0,0,0,0,0,0,0,0,0,0,0,0,0,0,0,0,0,0,0,0,0,0,0,1,0,0,0,0,0,0,0,0,1,0,0,0,0,0,0,0,0,0,0,0,0,0,0,1,0,0,0,0,0,0,0,0,1,0,0,1,0,0,1,0,0,1,0,0,1
520,54,4,4,56,56,10,67,4.07,4.07,0.0,12.48,0.98,0.98,1.56,0.95,161.1,161.1,66.4,202.0,10.5,10.5,9.0,10.5,-3.5,-3.5,-0.4,-4.5,0,1,0,0,0,0,0,0,0,1,0,0,0,0,0,0,0,0,0,0,0,0,0,0,0,0,0,0,1,0,0,0,0,0,0,0,0,0,0,0,0,0,0,0,0,0,0,0,0,1,0,0,0,0,0,0,0,0,0,0,0,0,1,0,0,0,0,0,0,0,0,1,0,0,1,0,0,1,0,0,1,0,0,1
521,55,4,4,10,56,85,67,0.0,4.07,10.53,12.48,1.56,0.98,1.01,0.95,66.4,161.1,171.3,202.0,9.0,10.5,11.3,10.5,-0.4,-3.5,-3.9,-4.5,0,0,1,0,0,0,0,0,0,0,0,1,0,0,0,0,0,0,0,0,0,0,0,0,0,0,0,0,1,0,0,0,0,0,0,0,0,0,0,0,0,0,0,0,0,0,0,0,0,0,0,0,0,1,0,0,0,0,0,0,0,0,1,0,0,0,0,0,0,0,0,1,0,0,1,0,0,1,0,0,1,0,0,0
522,53,0,6,17,13,67,15,0.0,0.0,12.48,0.0,0.96,0.47,0.95,0.66,237.6,168.8,202.0,91.5,5.4,5.2,10.5,8.1,-0.9,4.5,-4.5,1.8,0,0,0,1,0,0,0,0,0,0,0,0,0,0,0,0,0,0,0,0,0,1,0,0,0,0,0,0,0,0,0,0,1,0,0,0,0,0,0,0,0,0,0,0,1,0,0,0,0,0,0,0,0,0,0,0,0,0,0,0,0,1,0,0,0,0,0,0,0,0,0,0,1,0,0,1,0,1,0,0,0,0,1,0
523,54,0,6,67,17,67,15,12.48,0.0,12.48,0.0,0.95,0.96,0.95,0.66,202.0,237.6,202.0,91.5,10.5,5.4,10.5,8.1,-4.5,-0.9,-4.5,1.8,0,1,0,0,0,0,1,0,0,0,0,0,0,0,0,0,0,0,0,0,0,0,0,0,0,0,0,0,0,0,0,0,0,0,0,0,0,0,0,0,1,0,0,0,1,0,0,0,0,0,0,0,0,0,0,0,0,0,0,0,0,1,0,0,0,0,0,0,0,0,0,1,0,0,0,1,0,1,0,0,0,0,1,1
524,54,0,6,67,67,17,15,12.48,12.48,0.0,0.0,0.95,0.95,0.96,0.66,202.0,202.0,237.6,91.5,10.5,10.5,5.4,8.1,-4.5,-4.5,-0.9,1.8,0,1,0,0,0,0,1,0,0,0,0,0,0,0,0,0,0,0,0,0,0,0,0,0,0,1,0,0,0,0,0,0,0,0,0,0,0,0,0,0,0,0,0,0,0,0,0,0,0,0,0,0,0,0,0,0,0,0,0,1,0,1,0,0,0,0,0,0,0,0,0,1,0,0,1,0,0,0,1,0,0,0,1,1
525,55,0,6,17,67,85,15,0.0,12.48,10.53,0.0,0.96,0.95,1.01,0.66,237.6,202.0,171.3,91.5,5.4,10.5,11.3,8.1,-0.9,-4.5,-3.9,1.8,0,0,1,0,0,0,0,0,0,0,0,0,0,0,0,0,0,0,0,0,0,1,0,0,0,1,0,0,0,0,0,0,0,0,0,0,0,0,0,0,0,0,0,0,0,0,0,0,0,0,0,0,0,1,0,0,0,0,0,0,0,1,0,0,0,0,0,0,0,0,0,0,1,0,1,0,0,1,0,0,0,0,1,0
526,56,0,6,85,17,32,15,10.53,0.0,0.0,0.0,1.01,0.96,1.43,0.66,171.3,237.6,99.1,91.5,11.3,5.4,9.2,8.1,-3.9,-0.9,-0.8,1.8,0,0,0,1,0,0,0,0,0,0,0,0,0,0,0,1,0,0,0,0,0,0,0,0,0,0,0,0,0,0,0,0,0,0,0,0,0,0,0,0,1,0,0,0,0,0,0,0,0,0,0,0,0,0,0,0,0,1,0,0,0,1,0,0,0,0,0,0,0,0,0,1,0,0,0,1,0,1,0,0,0,0,1,0
527,57,0,6,32,85,32,15,0.0,10.53,0.0,0.0,1.43,1.01,1.43,0.66,99.1,171.3,99.1,91.5,9.2,11.3,9.2,8.1,-0.8,-3.9,-0.8,1.8,0,0,0,1,0,0,0,0,0,0,0,0,0,0,0,0,0,0,0,1,0,0,0,0,0,0,0,0,0,0,0,0,0,0,1,0,0,0,0,0,0,0,0,0,0,0,0,0,0,0,0,0,0,0,0,0,0,1,0,0,0,1,0,0,0,0,0,0,0,0,0,1,0,0,1,0,0,1,0,0,0,0,1,0
528,58,0,6,32,32,15,15,0.0,0.0,0.0,0.0,1.43,1.43,0.66,0.66,99.1,99.1,91.5,91.5,9.2,9.2,8.1,8.1,-0.8,-0.8,1.8,1.8,0,0,0,1,0,0,0,0,0,0,0,0,0,0,0,0,0,0,0,1,0,0,0,0,0,0,0,0,0,0,0,0,0,0,0,0,0,0,1,0,0,0,0,1,0,0,0,0,0,0,0,0,0,0,0,0,0,0,0,0,0,1,0,0,0,0,0,0,0,0,0,1,0,0,1,0,0,0,0,1,0,0,1,0
529,52,2,3,32,13,50,67,0.0,0.0,3.86,12.48,1.43,0.47,1.46,0.95,99.1,168.8,124.5,202.0,9.2,5.2,13.0,10.5,-0.8,4.5,-3.5,-4.5,1,0,0,0,0,0,0,0,0,0,0,0,0,0,0,0,0,0,0,1,0,0,0,0,0,0,0,0,0,0,0,0,1,0,0,0,0,0,0,0,0,0,0,0,0,0,1,0,0,0,0,0,0,0,0,0,0,0,0,0,0,0,1,0,0,0,0,0,0,0,0,1,0,0,0,1,0,1,0,0,1,0,0,0
530,53,2,3,50,32,67,67,3.86,0.0,12.48,12.48,1.46,1.43,0.95,0.95,124.5,99.1,202.0,202.0,13.0,9.2,10.5,10.5,-3.5,-0.8,-4.5,-4.5,0,1,0,0,0,0,0,0,1,0,0,0,0,0,0,0,0,0,0,0,0,0,0,0,0,0,0,0,0,0,0,0,0,0,0,0,0,0,1,0,0,0,0,0,1,0,0,0,0,0,0,0,0,0,0,0,0,0,0,0,0,0,1,0,0,0,0,0,0,0,0,1,0,0,1,0,0,1,0,0,1,0,0,0
531,54,2,3,67,50,55,67,12.48,3.86,0.0,12.48,0.95,1.46,0.74,0.95,202.0,124.5,155.1,202.0,10.5,13.0,12.3,10.5,-4.5,-3.5,-3.5,-4.5,0,0,1,0,0,0,1,0,0,0,0,0,0,0,0,0,0,0,0,0,0,0,0,0,0,0,0,1,0,0,0,0,0,0,0,0,0,0,0,0,0,0,0,0,0,0,0,0,1,0,0,0,0,0,0,0,0,0,0,0,0,0,1,0,0,0,0,0,0,0,0,1,0,0,1,0,0,1,0,0,1,0,0,0
532,52,4,4,49,32,32,67,0.0,0.0,0.0,12.48,1.56,0.96,1.43,0.95,135.2,122.1,99.1,202.0,11.6,8.6,9.2,10.5,-3.5,-0.7,-0.8,-4.5,1,0,0,0,0,0,0,1,0,0,0,0,0,0,0,0,0,0,0,0,0,0,0,0,0,0,0,0,0,0,0,0,0,0,0,0,0,0,0,1,0,0,0,0,0,0,0,0,0,0,0,0,0,0,0,0,0,1,0,0,0,0,1,0,0,0,0,0,0,0,0,1,0,0,1,0,0,1,0,0,1,0,0,0
534,54,4,4,50,32,10,67,3.86,0.0,0.0,12.48,1.46,1.43,1.56,0.95,124.5,99.1,66.4,202.0,13.0,9.2,9.0,10.5,-3.5,-0.8,-0.4,-4.5,0,1,0,0,0,0,0,0,1,0,0,0,0,0,0,0,0,0,0,0,0,0,0,0,0,0,0,0,0,0,0,0,0,0,0,0,0,0,1,0,0,0,0,0,0,0,0,0,0,1,0,0,0,0,0,0,0,0,0,0,0,0,1,0,0,0,0,0,0,0,0,1,0,0,1,0,0,1,0,0,1,0,0,1
536,54,4,4,49,13,15,67,0.0,0.0,0.0,12.48,1.56,0.47,0.66,0.95,135.2,168.8,91.5,202.0,11.6,5.2,8.1,10.5,-3.5,4.5,1.8,-4.5,1,0,0,0,0,0,0,1,0,0,0,0,0,0,0,0,0,0,0,0,0,0,0,0,0,0,0,0,0,0,0,0,1,0,0,0,0,0,0,0,0,0,0,1,0,0,0,0,0,0,0,0,0,0,0,0,0,0,0,0,0,0,1,0,0,0,0,0,0,0,0,1,0,0,0,1,0,0,0,1,1,0,0,0
537,55,4,4,15,49,10,67,0.0,0.0,0.0,12.48,0.66,1.56,1.56,0.95,91.5,135.2,66.4,202.0,8.1,11.6,9.0,10.5,1.8,-3.5,-0.4,-4.5,0,0,0,0,1,1,0,0,0,0,0,0,0,0,0,0,0,0,0,0,0,0,0,0,0,0,1,0,0,0,0,0,0,0,0,0,0,0,0,0,0,0,0,0,0,0,0,0,0,1,0,0,0,0,0,0,0,0,0,0,0,0,1,0,0,0,0,0,0,0,0,0,0,1,1,0,0,1,0,0,1,0,0,0
538,56,4,4,10,15,49,67,0.0,0.0,0.0,12.48,1.56,0.66,1.56,0.95,66.4,91.5,135.2,202.0,9.0,8.1,11.6,10.5,-0.4,1.8,-3.5,-4.5,0,1,0,0,0,0,0,0,0,0,0,1,0,0,0,0,0,0,0,0,0,0,0,0,1,0,0,0,0,0,0,0,0,0,0,0,0,0,0,0,0,0,0,0,0,1,0,0,0,0,0,0,0,0,0,0,0,0,0,0,0,0,1,0,0,0,0,0,0,0,0,1,0,0,0,0,1,1,0,0,1,0,0,0
539,57,4,4,49,10,10,67,0.0,0.0,0.0,12.48,1.56,1.56,1.56,0.95,135.2,66.4,66.4,202.0,11.6,9.0,9.0,10.5,-3.5,-0.4,-0.4,-4.5,0,0,1,0,0,0,0,1,0,0,0,0,0,0,0,0,0,0,0,0,0,0,0,0,0,0,0,0,0,0,1,0,0,0,0,0,0,0,0,0,0,0,0,0,0,0,0,0,0,1,0,0,0,0,0,0,0,0,0,0,0,0,1,0,0,0,0,0,0,0,0,1,0,0,1,0,0,1,0,0,1,0,0,0
540,52,4,4,32,13,10,67,0.0,0.0,0.0,12.48,0.96,0.47,1.56,0.95,122.1,168.8,66.4,202.0,8.6,5.2,9.0,10.5,-0.7,4.5,-0.4,-4.5,1,0,0,0,0,0,0,0,0,0,0,0,0,0,0,0,0,0,0,0,1,0,0,0,0,0,0,0,0,0,0,0,1,0,0,0,0,0,0,0,0,0,0,0,0,0,0,0,0,1,0,0,0,0,0,0,0,0,0,0,0,0,1,0,0,0,0,0,0,0,0,1,0,0,0,1,0,1,0,0,1,0,0,1
541,53,4,4,10,32,55,67,0.0,0.0,0.0,12.48,1.56,0.96,0.74,0.95,66.4,122.1,155.1,202.0,9.0,8.6,12.3,10.5,-0.4,-0.7,-3.5,-4.5,0,0,0,0,1,0,0,0,0,0,0,1,0,0,0,0,0,0,0,0,0,0,0,0,0,0,0,0,0,0,0,0,0,0,0,0,0,0,0,1,0,0,0,0,0,0,0,0,1,0,0,0,0,0,0,0,0,0,0,0,0,0,1,0,0,0,0,0,0,0,0,1,0,0,1,0,0,1,0,0,1,0,0,0
542,54,4,4,55,10,55,67,0.0,0.0,0.0,12.48,0.74,1.56,0.74,0.95,155.1,66.4,155.1,202.0,12.3,9.0,12.3,10.5,-3.5,-0.4,-3.5,-4.5,0,1,0,0,0,0,0,0,0,0,1,0,0,0,0,0,0,0,0,0,0,0,0,0,0,0,0,0,0,0,1,0,0,0,0,0,0,0,0,0,0,0,0,0,0,0,0,0,1,0,0,0,0,0,0,0,0,0,0,0,0,0,1,0,0,0,0,0,0,0,0,1,0,0,1,0,0,1,0,0,1,0,0,1
543,54,4,4,55,55,10,67,0.0,0.0,0.0,12.48,0.74,0.74,1.56,0.95,155.1,155.1,66.4,202.0,12.3,12.3,9.0,10.5,-3.5,-3.5,-0.4,-4.5,0,1,0,0,0,0,0,0,0,0,1,0,0,0,0,0,0,0,0,0,0,0,0,0,0,0,0,0,0,1,0,0,0,0,0,0,0,0,0,0,0,0,0,0,0,0,0,0,0,1,0,0,0,0,0,0,0,0,0,0,0,0,1,0,0,0,0,0,0,0,0,1,0,0,1,0,0,1,0,0,1,0,0,1
544,55,4,4,10,55,50,67,0.0,0.0,3.86,12.48,1.56,0.74,1.46,0.95,66.4,155.1,124.5,202.0,9.0,12.3,13.0,10.5,-0.4,-3.5,-3.5,-4.5,0,0,1,0,0,0,0,0,0,0,0,1,0,0,0,0,0,0,0,0,0,0,0,0,0,0,0,0,0,1,0,0,0,0,0,0,0,0,0,0,0,0,0,0,0,0,1,0,0,0,0,0,0,0,0,0,0,0,0,0,0,0,1,0,0,0,0,0,0,0,0,1,0,0,1,0,0,1,0,0,1,0,0,0
545,52,4,4,49,13,32,67,0.0,0.0,0.0,12.48,1.56,0.47,1.43,0.95,135.2,168.8,99.1,202.0,11.6,5.2,9.2,10.5,-3.5,4.5,-0.8,-4.5,1,0,0,0,0,0,0,1,0,0,0,0,0,0,0,0,0,0,0,0,0,0,0,0,0,0,0,0,0,0,0,0,1,0,0,0,0,0,0,0,0,0,0,0,0,0,0,0,0,0,0,0,0,0,0,0,0,1,0,0,0,0,1,0,0,0,0,0,0,0,0,1,0,0,0,1,0,1,0,0,1,0,0,0
547,54,4,4,50,32,50,67,3.86,0.0,3.86,12.48,1.46,1.43,1.46,0.95,124.5,99.1,124.5,202.0,13.0,9.2,13.0,10.5,-3.5,-0.8,-3.5,-4.5,0,1,0,0,0,0,0,0,1,0,0,0,0,0,0,0,0,0,0,0,0,0,0,0,0,0,0,0,0,0,0,0,0,0,0,0,0,0,1,0,0,0,0,0,0,0,1,0,0,0,0,0,0,0,0,0,0,0,0,0,0,0,1,0,0,0,0,0,0,0,0,1,0,0,1,0,0,1,0,0,1,0,0,1
548,54,4,4,50,50,10,67,3.86,3.86,0.0,12.48,1.46,1.46,1.56,0.95,124.5,124.5,66.4,202.0,13.0,13.0,9.0,10.5,-3.5,-3.5,-0.4,-4.5,0,1,0,0,0,0,0,0,1,0,0,0,0,0,0,0,0,0,0,0,0,0,0,0,0,0,0,1,0,0,0,0,0,0,0,0,0,0,0,0,0,0,0,0,0,0,0,0,0,1,0,0,0,0,0,0,0,0,0,0,0,0,1,0,0,0,0,0,0,0,0,1,0,0,1,0,0,1,0,0,1,0,0,1
